Name,Year of release,Rating,Genre,imdb Url,votes,,
Joker,2019,8.5,"
Crime, Drama, Thriller            ",http://www.imdb.com/title/tt7286456/?ref_=adv_li_tt,"804,392",,
Once Upon a Time... in Hollywood,2019,7.7,"
Comedy, Drama            ",http://www.imdb.com/title/tt7131622/?ref_=adv_li_tt,"475,635",,
Gisaengchung,2019,8.6,"
Comedy, Drama, Thriller            ",http://www.imdb.com/title/tt6751668/?ref_=adv_li_tt,"422,877",,
1917,2019,8.3,"
Drama, War            ",http://www.imdb.com/title/tt8579674/?ref_=adv_li_tt,"323,820",,
Jojo Rabbit,2019,7.9,"
Comedy, Drama, War            ",http://www.imdb.com/title/tt2584384/?ref_=adv_li_tt,"223,514",,
Little Women,2019,7.9,"
Drama, Romance            ",http://www.imdb.com/title/tt3281548/?ref_=adv_li_tt,"108,259",,
Mad Max: Fury Road,2015,8.1,"
Action, Adventure, Sci-Fi            ",http://www.imdb.com/title/tt1392190/?ref_=adv_li_tt,"843,787",,
Django Unchained,2012,8.4,"
Drama, Western            ",http://www.imdb.com/title/tt1853728/?ref_=adv_li_tt,"1,300,800",,
Inception,2010,8.8,"
Action, Adventure, Sci-Fi            ",http://www.imdb.com/title/tt1375666/?ref_=adv_li_tt,"1,971,147",,
Inglourious Basterds,2009,8.3,"
Adventure, Drama, War            ",http://www.imdb.com/title/tt0361748/?ref_=adv_li_tt,"1,213,637",,
The Lord of the Rings: The Fellowship of the Ring,2001,8.8,"
Action, Adventure, Drama            ",http://www.imdb.com/title/tt0120737/?ref_=adv_li_tt,"1,601,843",,
Titanic,1997,7.8,"
Drama, Romance            ",http://www.imdb.com/title/tt0120338/?ref_=adv_li_tt,"1,013,727",,
The Shawshank Redemption,1994,9.3,"
Drama            ",http://www.imdb.com/title/tt0111161/?ref_=adv_li_tt,"2,248,348",,
Pulp Fiction,1994,8.9,"
Crime, Drama            ",http://www.imdb.com/title/tt0110912/?ref_=adv_li_tt,"1,760,453",,
The Godfather,1972,9.2,"
Crime, Drama            ",http://www.imdb.com/title/tt0068646/?ref_=adv_li_tt,"1,551,325",,
,,,,,,,
Ford v. Ferrari,2019,8.1,"
Action, Biography, Drama            ",http://www.imdb.com/title/tt1950186/?ref_=adv_li_tt,"221,385",,
,,,,,,,
The Irishman,2019,7.9,"
Biography, Crime, Drama            ",http://www.imdb.com/title/tt1302006/?ref_=adv_li_tt,"293,090",,
,,,,,,,
Saving Private Ryan,1998,8.6,"
Drama, War            ",http://www.imdb.com/title/tt0120815/?ref_=adv_li_tt,"1,189,059",,
,,,,,,,
The Wolf of Wall Street,2013,8.2,"
Biography, Crime, Drama            ",http://www.imdb.com/title/tt0993846/?ref_=adv_li_tt,"1,120,319",,
,,,,,,,
Dunkirk,2017,7.9,"
Action, Drama, History            ",http://www.imdb.com/title/tt5013056/?ref_=adv_li_tt,"519,794",,
,,,,,,,
The Green Mile,1999,8.6,"
Crime, Drama, Fantasy            ",http://www.imdb.com/title/tt0120689/?ref_=adv_li_tt,"1,096,282",,
,,,,,,,
The Godfather: Part II,1974,9,"
Crime, Drama            ",http://www.imdb.com/title/tt0071562/?ref_=adv_li_tt,"1,084,343",,
,,,,,,,
Forrest Gump,1994,8.8,"
Drama, Romance            ",http://www.imdb.com/title/tt0109830/?ref_=adv_li_tt,"1,733,494",,
,,,,,,,
Call Me by Your Name,2017,7.9,"
Drama, Romance            ",http://www.imdb.com/title/tt5726616/?ref_=adv_li_tt,"192,869",,
,,,,,,,
The Silence of the Lambs,1991,8.6,"
Crime, Drama, Thriller            ",http://www.imdb.com/title/tt0102926/?ref_=adv_li_tt,"1,217,367",,
,,,,,,,
Gladiator,2000,8.5,"
Action, Adventure, Drama            ",http://www.imdb.com/title/tt0172495/?ref_=adv_li_tt,"1,292,635",,
,,,,,,,
Raiders of the Lost Ark,1981,8.4,"
Action, Adventure            ",http://www.imdb.com/title/tt0082971/?ref_=adv_li_tt,"856,359",,
,,,,,,,
Goodfellas,1990,8.7,"
Biography, Crime, Drama            ",http://www.imdb.com/title/tt0099685/?ref_=adv_li_tt,"978,154",,
,,,,,,,
Schindler's List,1993,8.9,"
Biography, Drama, History            ",http://www.imdb.com/title/tt0108052/?ref_=adv_li_tt,"1,168,420",,
,,,,,,,
BlacKkKlansman,2018,7.5,"
Biography, Crime, Drama            ",http://www.imdb.com/title/tt7349662/?ref_=adv_li_tt,"193,495",,
,,,,,,,
Apocalypse Now,1979,8.4,"
Drama, Mystery, War            ",http://www.imdb.com/title/tt0078788/?ref_=adv_li_tt,"583,417",,
,,,,,,,
The Departed,2006,8.5,"
Crime, Drama, Thriller            ",http://www.imdb.com/title/tt0407887/?ref_=adv_li_tt,"1,145,967",,
,,,,,,,
Avatar,2009,7.8,"
Action, Adventure, Fantasy            ",http://www.imdb.com/title/tt0499549/?ref_=adv_li_tt,"1,093,629",,
,,,,,,,
Star Wars,1977,8.6,"
Action, Adventure, Fantasy            ",http://www.imdb.com/title/tt0076759/?ref_=adv_li_tt,"1,193,332",,
,,,,,,,
The Social Network,2010,7.7,"
Biography, Drama            ",http://www.imdb.com/title/tt1285016/?ref_=adv_li_tt,"601,439",,
,,,,,,,
The Grand Budapest Hotel,2014,8.1,"
Adventure, Comedy, Crime            ",http://www.imdb.com/title/tt2278388/?ref_=adv_li_tt,"678,810",,
,,,,,,,
Taxi Driver,1976,8.3,"
Crime, Drama            ",http://www.imdb.com/title/tt0075314/?ref_=adv_li_tt,"693,102",,
,,,,,,,
Black Panther,2018,7.3,"
Action, Adventure, Sci-Fi            ",http://www.imdb.com/title/tt1825683/?ref_=adv_li_tt,"583,710",,
,,,,,,,
Bohemian Rhapsody,2018,8,"
Biography, Drama, Music            ",http://www.imdb.com/title/tt1727824/?ref_=adv_li_tt,"425,463",,
,,,,,,,
Green Book,2018,8.2,"
Biography, Comedy, Drama            ",http://www.imdb.com/title/tt6966692/?ref_=adv_li_tt,"326,405",,
,,,,,,,
Jaws,1975,8,"
Adventure, Thriller            ",http://www.imdb.com/title/tt0073195/?ref_=adv_li_tt,"529,872",,
,,,,,,,
Casablanca,1942,8.5,"
Drama, Romance, War            ",http://www.imdb.com/title/tt0034583/?ref_=adv_li_tt,"504,126",,
,,,,,,,
The Revenant,2015,8,"
Action, Adventure, Biography            ",http://www.imdb.com/title/tt1663202/?ref_=adv_li_tt,"675,818",,
,,,,,,,
The Lord of the Rings: The Return of the King,2003,8.9,"
Adventure, Drama, Fantasy            ",http://www.imdb.com/title/tt0167260/?ref_=adv_li_tt,"1,588,164",,
,,,,,,,
No Country for Old Men,2007,8.1,"
Crime, Drama, Thriller            ",http://www.imdb.com/title/tt0477348/?ref_=adv_li_tt,"818,855",,
,,,,,,,
The Curious Case of Benjamin Button,2008,7.8,"
Drama, Fantasy, Romance            ",http://www.imdb.com/title/tt0421715/?ref_=adv_li_tt,"569,925",,
,,,,,,,
Get Out,2017,7.7,"
Horror, Mystery, Thriller            ",http://www.imdb.com/title/tt5052448/?ref_=adv_li_tt,"462,037",,
,,,,,,,
Room,2015,8.1,"
Drama, Thriller            ",http://www.imdb.com/title/tt3170832/?ref_=adv_li_tt,"350,154",,
,,,,,,,
Marriage Story,2019,8,"
Comedy, Drama, Romance            ",http://www.imdb.com/title/tt7653254/?ref_=adv_li_tt,"215,546",,
,,,,,,,
Lady Bird,2017,7.4,"
Comedy, Drama            ",http://www.imdb.com/title/tt4925292/?ref_=adv_li_tt,"220,354",,
,,,,,,,
Good Will Hunting,1997,8.3,"
Drama, Romance            ",http://www.imdb.com/title/tt0119217/?ref_=adv_li_tt,"826,303",,
,,,,,,,
Arrival,2016,7.9,"
Drama, Mystery, Sci-Fi            ",http://www.imdb.com/title/tt2543164/?ref_=adv_li_tt,"566,469",,
,,,,,,,
The Martian,2015,8,"
Adventure, Drama, Sci-Fi            ",http://www.imdb.com/title/tt3659388/?ref_=adv_li_tt,"731,730",,
,,,,,,,
American Beauty,1999,8.3,"
Drama            ",http://www.imdb.com/title/tt0169547/?ref_=adv_li_tt,"1,039,850",,
,,,,,,,
The Best Years of Our Lives,1946,8,"
Drama, Romance, War            ",http://www.imdb.com/title/tt0036868/?ref_=adv_li_tt,"55,765",,
,,,,,,,
A Clockwork Orange,1971,8.3,"
Crime, Drama, Sci-Fi            ",http://www.imdb.com/title/tt0066921/?ref_=adv_li_tt,"732,237",,
,,,,,,,
Whiplash,2014,8.5,"
Drama, Music            ",http://www.imdb.com/title/tt2582802/?ref_=adv_li_tt,"678,977",,
,,,,,,,
Her,2013,8,"
Drama, Romance, Sci-Fi            ",http://www.imdb.com/title/tt1798709/?ref_=adv_li_tt,"515,125",,
,,,,,,,
La La Land,2016,8,"
Comedy, Drama, Music            ",http://www.imdb.com/title/tt3783958/?ref_=adv_li_tt,"479,510",,
,,,,,,,
12 Angry Men,1957,8.9,"
Crime, Drama            ",http://www.imdb.com/title/tt0050083/?ref_=adv_li_tt,"658,156",,
,,,,,,,
The Godfather: Part III,1990,7.6,"
Crime, Drama            ",http://www.imdb.com/title/tt0099674/?ref_=adv_li_tt,"346,149",,
,,,,,,,
Braveheart,1995,8.3,"
Biography, Drama, History            ",http://www.imdb.com/title/tt0112573/?ref_=adv_li_tt,"933,997",,
,,,,,,,
The Lord of the Rings: The Two Towers,2002,8.7,"
Adventure, Drama, Fantasy            ",http://www.imdb.com/title/tt0167261/?ref_=adv_li_tt,"1,434,873",,
,,,,,,,
A Star Is Born,2018,7.7,"
Drama, Music, Romance            ",http://www.imdb.com/title/tt1517451/?ref_=adv_li_tt,"310,101",,
,,,,,,,
There Will Be Blood,2007,8.2,"
Drama            ",http://www.imdb.com/title/tt0469494/?ref_=adv_li_tt,"495,828",,
,,,,,,,
"Three Billboards Outside Ebbing, Missouri",2017,8.2,"
Comedy, Crime, Drama            ",http://www.imdb.com/title/tt5027774/?ref_=adv_li_tt,"401,125",,
,,,,,,,
Apollo 13,1995,7.6,"
Adventure, Drama, History            ",http://www.imdb.com/title/tt0112384/?ref_=adv_li_tt,"259,347",,
,,,,,,,
One Flew Over the Cuckoo's Nest,1975,8.7,"
Drama            ",http://www.imdb.com/title/tt0073486/?ref_=adv_li_tt,"881,651",,
,,,,,,,
The Big Short,2015,7.8,"
Biography, Comedy, Drama            ",http://www.imdb.com/title/tt1596363/?ref_=adv_li_tt,"342,336",,
,,,,,,,
The Favourite,2018,7.5,"
Biography, Comedy, Drama            ",http://www.imdb.com/title/tt5083738/?ref_=adv_li_tt,"159,088",,
,,,,,,,
Hacksaw Ridge,2016,8.1,"
Biography, Drama, History            ",http://www.imdb.com/title/tt2119532/?ref_=adv_li_tt,"410,066",,
,,,,,,,
The Help,2011,8.1,"
Drama            ",http://www.imdb.com/title/tt1454029/?ref_=adv_li_tt,"412,989",,
,,,,,,,
The Pianist,2002,8.5,"
Biography, Drama, Music            ",http://www.imdb.com/title/tt0253474/?ref_=adv_li_tt,"697,999",,
,,,,,,,
The Sixth Sense,1999,8.1,"
Drama, Mystery, Thriller            ",http://www.imdb.com/title/tt0167404/?ref_=adv_li_tt,"886,105",,
,,,,,,,
Moonlight,2016,7.4,"
Drama            ",http://www.imdb.com/title/tt4975722/?ref_=adv_li_tt,"257,623",,
,,,,,,,
Spotlight,2015,8.1,"
Biography, Crime, Drama            ",http://www.imdb.com/title/tt1895587/?ref_=adv_li_tt,"399,641",,
,,,,,,,
The Shape of Water,2017,7.3,"
Adventure, Drama, Fantasy            ",http://www.imdb.com/title/tt5580390/?ref_=adv_li_tt,"351,472",,
,,,,,,,
Citizen Kane,1941,8.3,"
Drama, Mystery            ",http://www.imdb.com/title/tt0033467/?ref_=adv_li_tt,"384,524",,
,,,,,,,
American Sniper,2014,7.3,"
Action, Biography, Drama            ",http://www.imdb.com/title/tt2179136/?ref_=adv_li_tt,"424,700",,
,,,,,,,
The Sound of Music,1965,8,"
Biography, Drama, Family            ",http://www.imdb.com/title/tt0059742/?ref_=adv_li_tt,"196,462",,
,,,,,,,
La vita è bella,1997,8.6,"
Comedy, Drama, Romance            ",http://www.imdb.com/title/tt0118799/?ref_=adv_li_tt,"597,814",,
,,,,,,,
Mystic River,2003,7.9,"
Crime, Drama, Mystery            ",http://www.imdb.com/title/tt0327056/?ref_=adv_li_tt,"407,675",,
,,,,,,,
The Deer Hunter,1978,8.1,"
Drama, War            ",http://www.imdb.com/title/tt0077416/?ref_=adv_li_tt,"300,921",,
,,,,,,,
Darkest Hour,2017,7.4,"
Biography, Drama, Family            ",http://www.imdb.com/title/tt4555426/?ref_=adv_li_tt,"161,857",,
,,,,,,,
Fargo,1996,8.1,"
Crime, Drama, Thriller            ",http://www.imdb.com/title/tt0116282/?ref_=adv_li_tt,"594,354",,
,,,,,,,
Platoon,1986,8.1,"
Drama, War            ",http://www.imdb.com/title/tt0091763/?ref_=adv_li_tt,"369,761",,
,,,,,,,
The Imitation Game,2014,8,"
Biography, Drama, Thriller            ",http://www.imdb.com/title/tt2084970/?ref_=adv_li_tt,"659,439",,
,,,,,,,
Slumdog Millionaire,2008,8,"
Drama, Romance            ",http://www.imdb.com/title/tt1010048/?ref_=adv_li_tt,"780,703",,
,,,,,,,
The Post,2017,7.2,"
Biography, Drama, History            ",http://www.imdb.com/title/tt6294822/?ref_=adv_li_tt,"126,605",,
,,,,,,,
Unforgiven,1992,8.2,"
Drama, Western            ",http://www.imdb.com/title/tt0105695/?ref_=adv_li_tt,"362,409",,
,,,,,,,
Les Misérables,2012,7.6,"
Drama, History, Musical            ",http://www.imdb.com/title/tt1707386/?ref_=adv_li_tt,"300,013",,
,,,,,,,
Atonement,2007,7.8,"
Drama, Mystery, Romance            ",http://www.imdb.com/title/tt0783233/?ref_=adv_li_tt,"240,592",,
,,,,,,,
The Sand Pebbles,1966,7.6,"
Adventure, Drama, Romance            ",http://www.imdb.com/title/tt0060934/?ref_=adv_li_tt,"12,995",,
,,,,,,,
Silver Linings Playbook,2012,7.7,"
Comedy, Drama, Romance            ",http://www.imdb.com/title/tt1045658/?ref_=adv_li_tt,"646,147",,
,,,,,,,
12 Years a Slave,2013,8.1,"
Biography, Drama, History            ",http://www.imdb.com/title/tt2024544/?ref_=adv_li_tt,"616,610",,
,,,,,,,
A Beautiful Mind,2001,8.2,"
Biography, Drama            ",http://www.imdb.com/title/tt0268978/?ref_=adv_li_tt,"818,652",,
,,,,,,,
Birdman or (The Unexpected Virtue of Ignorance),2014,7.7,"
Comedy, Drama            ",http://www.imdb.com/title/tt2562232/?ref_=adv_li_tt,"559,256",,
,,,,,,,
Gone with the Wind,1939,8.1,"
Drama, History, Romance            ",http://www.imdb.com/title/tt0031381/?ref_=adv_li_tt,"279,089",,
,,,,,,,
Erin Brockovich,2000,7.3,"
Biography, Drama            ",http://www.imdb.com/title/tt0195685/?ref_=adv_li_tt,"168,657",,
,,,,,,,
Black Swan,2010,8,"
Drama, Thriller            ",http://www.imdb.com/title/tt0947798/?ref_=adv_li_tt,"680,386",,
,,,,,,,
The Wizard of Oz,1939,8,"
Adventure, Family, Fantasy            ",http://www.imdb.com/title/tt0032138/?ref_=adv_li_tt,"364,152",,
,,,,,,,
Moneyball,2011,7.6,"
Biography, Drama, Sport            ",http://www.imdb.com/title/tt1210166/?ref_=adv_li_tt,"348,528",,
,,,,,,,
West Side Story,1961,7.5,"
Crime, Drama, Musical            ",http://www.imdb.com/title/tt0055614/?ref_=adv_li_tt,"93,282",,
,,,,,,,
E.T. the Extra-Terrestrial,1982,7.8,"
Family, Sci-Fi            ",http://www.imdb.com/title/tt0083866/?ref_=adv_li_tt,"358,042",,
,,,,,,,
Vice,2018,7.2,"
Biography, Comedy, Drama            ",http://www.imdb.com/title/tt6266538/?ref_=adv_li_tt,"108,915",,
,,,,,,,
The Exorcist,1973,8,"
Horror            ",http://www.imdb.com/title/tt0070047/?ref_=adv_li_tt,"350,969",,
,,,,,,,
Hidden Figures,2016,7.8,"
Biography, Drama, History            ",http://www.imdb.com/title/tt4846340/?ref_=adv_li_tt,"189,563",,
,,,,,,,
Brokeback Mountain,2005,7.7,"
Drama, Romance            ",http://www.imdb.com/title/tt0388795/?ref_=adv_li_tt,"314,044",,
,,,,,,,
Zero Dark Thirty,2012,7.4,"
Drama, History, Thriller            ",http://www.imdb.com/title/tt1790885/?ref_=adv_li_tt,"263,484",,
,,,,,,,
A Streetcar Named Desire,1951,8,"
Drama            ",http://www.imdb.com/title/tt0044081/?ref_=adv_li_tt,"96,069",,
,,,,,,,
Lion,2016,8,"
Biography, Drama            ",http://www.imdb.com/title/tt3741834/?ref_=adv_li_tt,"202,898",,
,,,,,,,
Toy Story 3,2010,8.3,"
Animation, Adventure, Comedy            ",http://www.imdb.com/title/tt0435761/?ref_=adv_li_tt,"732,290",,
,,,,,,,
American Hustle,2013,7.2,"
Crime, Drama            ",http://www.imdb.com/title/tt1800241/?ref_=adv_li_tt,"436,952",,
,,,,,,,
Lost in Translation,2003,7.7,"
Comedy, Drama            ",http://www.imdb.com/title/tt0335266/?ref_=adv_li_tt,"396,937",,
,,,,,,,
Mary Poppins,1964,7.8,"
Comedy, Family, Fantasy            ",http://www.imdb.com/title/tt0058331/?ref_=adv_li_tt,"152,623",,
,,,,,,,
The King's Speech,2010,8,"
Biography, Drama, History            ",http://www.imdb.com/title/tt1504320/?ref_=adv_li_tt,"622,968",,
,,,,,,,
Argo,2012,7.7,"
Biography, Drama, Thriller            ",http://www.imdb.com/title/tt1024648/?ref_=adv_li_tt,"558,817",,
,,,,,,,
American Graffiti,1973,7.4,"
Comedy, Drama            ",http://www.imdb.com/title/tt0069704/?ref_=adv_li_tt,"78,908",,
,,,,,,,
Dead Poets Society,1989,8.1,"
Comedy, Drama            ",http://www.imdb.com/title/tt0097165/?ref_=adv_li_tt,"404,538",,
,,,,,,,
Rocky,1976,8.1,"
Drama, Sport            ",http://www.imdb.com/title/tt0075148/?ref_=adv_li_tt,"500,877",,
,,,,,,,
Gangs of New York,2002,7.5,"
Crime, Drama            ",http://www.imdb.com/title/tt0217505/?ref_=adv_li_tt,"392,810",,
,,,,,,,
True Grit,2010,7.6,"
Drama, Western            ",http://www.imdb.com/title/tt1403865/?ref_=adv_li_tt,"300,807",,
,,,,,,,
Hell or High Water,2016,7.6,"
Action, Crime, Drama            ",http://www.imdb.com/title/tt2582782/?ref_=adv_li_tt,"194,576",,
,,,,,,,
Manchester by the Sea,2016,7.8,"
Drama            ",http://www.imdb.com/title/tt4034228/?ref_=adv_li_tt,"234,599",,
,,,,,,,
Million Dollar Baby,2004,8.1,"
Drama, Sport            ",http://www.imdb.com/title/tt0405159/?ref_=adv_li_tt,"616,657",,
,,,,,,,
Up,2009,8.2,"
Animation, Adventure, Comedy            ",http://www.imdb.com/title/tt1049413/?ref_=adv_li_tt,"901,501",,
,,,,,,,
District 9,2009,7.9,"
Action, Sci-Fi, Thriller            ",http://www.imdb.com/title/tt1136608/?ref_=adv_li_tt,"626,324",,
,,,,,,,
L.A. Confidential,1997,8.2,"
Crime, Drama, Mystery            ",http://www.imdb.com/title/tt0119488/?ref_=adv_li_tt,"516,675",,
,,,,,,,
"Hello, Dolly!",1969,7.1,"
Adventure, Comedy, Musical            ",http://www.imdb.com/title/tt0064418/?ref_=adv_li_tt,"13,000",,
,,,,,,,
Crash,2004,7.8,"
Crime, Drama, Thriller            ",http://www.imdb.com/title/tt0375679/?ref_=adv_li_tt,"412,729",,
,,,,,,,
Midnight in Paris,2011,7.7,"
Comedy, Fantasy, Romance            ",http://www.imdb.com/title/tt1605783/?ref_=adv_li_tt,"374,687",,
,,,,,,,
Chinatown,1974,8.2,"
Drama, Mystery, Thriller            ",http://www.imdb.com/title/tt0071315/?ref_=adv_li_tt,"282,823",,
,,,,,,,
Chicago,2002,7.1,"
Comedy, Crime, Musical            ",http://www.imdb.com/title/tt0299658/?ref_=adv_li_tt,"210,645",,
,,,,,,,
Amadeus,1984,8.3,"
Biography, Drama, History            ",http://www.imdb.com/title/tt0086879/?ref_=adv_li_tt,"357,144",,
,,,,,,,
Little Miss Sunshine,2006,7.8,"
Comedy, Drama            ",http://www.imdb.com/title/tt0449059/?ref_=adv_li_tt,"427,752",,
,,,,,,,
A Few Good Men,1992,7.7,"
Drama, Thriller            ",http://www.imdb.com/title/tt0104257/?ref_=adv_li_tt,"226,466",,
,,,,,,,
Dr. Strangelove or: How I Learned to Stop Worrying and Love the Bomb,1964,8.4,"
Comedy            ",http://www.imdb.com/title/tt0057012/?ref_=adv_li_tt,"436,452",,
,,,,,,,
Dallas Buyers Club,2013,8,"
Biography, Drama            ",http://www.imdb.com/title/tt0790636/?ref_=adv_li_tt,"425,263",,
,,,,,,,
Lawrence of Arabia,1962,8.3,"
Adventure, Biography, Drama            ",http://www.imdb.com/title/tt0056172/?ref_=adv_li_tt,"258,002",,
,,,,,,,
Gravity,2013,7.7,"
Drama, Sci-Fi, Thriller            ",http://www.imdb.com/title/tt1454468/?ref_=adv_li_tt,"748,933",,
,,,,,,,
Dances with Wolves,1990,8,"
Adventure, Drama, Western            ",http://www.imdb.com/title/tt0099348/?ref_=adv_li_tt,"232,679",,
,,,,,,,
Phantom Thread,2017,7.5,"
Drama, Romance            ",http://www.imdb.com/title/tt5776858/?ref_=adv_li_tt,"103,449",,
,,,,,,,
Roma,2018,7.7,"
Drama            ",http://www.imdb.com/title/tt6155172/?ref_=adv_li_tt,"131,284",,
,,,,,,,
Hugo,2011,7.5,"
Drama, Family, Fantasy            ",http://www.imdb.com/title/tt0970179/?ref_=adv_li_tt,"297,005",,
,,,,,,,
Jerry Maguire,1996,7.3,"
Comedy, Drama, Romance            ",http://www.imdb.com/title/tt0116695/?ref_=adv_li_tt,"234,305",,
,,,,,,,
Great Expectations,1946,7.8,"
Adventure, Drama, Mystery            ",http://www.imdb.com/title/tt0038574/?ref_=adv_li_tt,"21,309",,
,,,,,,,
Scent of a Woman,1992,8,"
Drama            ",http://www.imdb.com/title/tt0105323/?ref_=adv_li_tt,"248,447",,
,,,,,,,
The Fighter,2010,7.8,"
Biography, Drama, Sport            ",http://www.imdb.com/title/tt0964517/?ref_=adv_li_tt,"331,067",,
,,,,,,,
The Blind Side,2009,7.6,"
Biography, Drama, Sport            ",http://www.imdb.com/title/tt0878804/?ref_=adv_li_tt,"282,537",,
,,,,,,,
The Hurt Locker,2008,7.6,"
Drama, Thriller, War            ",http://www.imdb.com/title/tt0887912/?ref_=adv_li_tt,"410,664",,
,,,,,,,
Moulin Rouge!,2001,7.6,"
Drama, Musical, Romance            ",http://www.imdb.com/title/tt0203009/?ref_=adv_li_tt,"260,990",,
,,,,,,,
The Theory of Everything,2014,7.7,"
Biography, Drama, Romance            ",http://www.imdb.com/title/tt2980516/?ref_=adv_li_tt,"385,800",,
,,,,,,,
The Tree of Life,2011,6.8,"
Drama, Fantasy            ",http://www.imdb.com/title/tt0478304/?ref_=adv_li_tt,"163,883",,
,,,,,,,
Sergeant York,1941,7.7,"
Biography, Drama, History            ",http://www.imdb.com/title/tt0034167/?ref_=adv_li_tt,"14,823",,
,,,,,,,
As Good as It Gets,1997,7.7,"
Comedy, Drama, Romance            ",http://www.imdb.com/title/tt0119822/?ref_=adv_li_tt,"267,437",,
,,,,,,,
The Aviator,2004,7.5,"
Biography, Drama            ",http://www.imdb.com/title/tt0338751/?ref_=adv_li_tt,"324,065",,
,,,,,,,
The Graduate,1967,8,"
Comedy, Drama, Romance            ",http://www.imdb.com/title/tt0061722/?ref_=adv_li_tt,"247,792",,
,,,,,,,
Lincoln,2012,7.3,"
Biography, Drama, History            ",http://www.imdb.com/title/tt0443272/?ref_=adv_li_tt,"238,345",,
,,,,,,,
Life of Pi,2012,7.9,"
Adventure, Drama, Fantasy            ",http://www.imdb.com/title/tt0454876/?ref_=adv_li_tt,"565,159",,
,,,,,,,
Sense and Sensibility,1995,7.6,"
Drama, Romance            ",http://www.imdb.com/title/tt0114388/?ref_=adv_li_tt,"98,232",,
,,,,,,,
Beauty and the Beast,1991,8,"
Animation, Family, Fantasy            ",http://www.imdb.com/title/tt0101414/?ref_=adv_li_tt,"407,587",,
,,,,,,,
Elizabeth,1998,7.4,"
Biography, Drama, History            ",http://www.imdb.com/title/tt0127536/?ref_=adv_li_tt,"90,269",,
,,,,,,,
The Fugitive,1993,7.8,"
Action, Crime, Drama            ",http://www.imdb.com/title/tt0106977/?ref_=adv_li_tt,"258,983",,
,,,,,,,
Juno,2007,7.4,"
Comedy, Drama            ",http://www.imdb.com/title/tt0467406/?ref_=adv_li_tt,"480,715",,
,,,,,,,
Michael Clayton,2007,7.2,"
Crime, Drama, Mystery            ",http://www.imdb.com/title/tt0465538/?ref_=adv_li_tt,"152,993",,
,,,,,,,
The Bridge on the River Kwai,1957,8.1,"
Adventure, Drama, War            ",http://www.imdb.com/title/tt0050212/?ref_=adv_li_tt,"196,448",,
,,,,,,,
The English Patient,1996,7.4,"
Drama, Romance, War            ",http://www.imdb.com/title/tt0116209/?ref_=adv_li_tt,"173,881",,
,,,,,,,
The Thin Red Line,1998,7.6,"
Drama, War            ",http://www.imdb.com/title/tt0120863/?ref_=adv_li_tt,"167,666",,
,,,,,,,
Raging Bull,1980,8.2,"
Biography, Drama, Sport            ",http://www.imdb.com/title/tt0081398/?ref_=adv_li_tt,"309,829",,
,,,,,,,
Boyhood,2014,7.9,"
Drama            ",http://www.imdb.com/title/tt1065073/?ref_=adv_li_tt,"328,244",,
,,,,,,,
It's a Wonderful Life,1946,8.6,"
Drama, Family, Fantasy            ",http://www.imdb.com/title/tt0038650/?ref_=adv_li_tt,"383,824",,
,,,,,,,
The Descendants,2011,7.3,"
Comedy, Drama            ",http://www.imdb.com/title/tt1033575/?ref_=adv_li_tt,"228,868",,
,,,,,,,
The Elephant Man,1980,8.1,"
Biography, Drama            ",http://www.imdb.com/title/tt0080678/?ref_=adv_li_tt,"211,758",,
,,,,,,,
The Reader,2008,7.6,"
Drama, Romance            ",http://www.imdb.com/title/tt0976051/?ref_=adv_li_tt,"225,723",,
,,,,,,,
Deliverance,1972,7.7,"
Adventure, Drama, Thriller            ",http://www.imdb.com/title/tt0068473/?ref_=adv_li_tt,"95,648",,
,,,,,,,
Ghost,1990,7,"
Drama, Fantasy, Romance            ",http://www.imdb.com/title/tt0099653/?ref_=adv_li_tt,"189,958",,
,,,,,,,
Barry Lyndon,1975,8.1,"
Adventure, Drama, History            ",http://www.imdb.com/title/tt0072684/?ref_=adv_li_tt,"142,908",,
,,,,,,,
Brooklyn,2015,7.5,"
Drama, Romance            ",http://www.imdb.com/title/tt2381111/?ref_=adv_li_tt,"126,083",,
,,,,,,,
Gosford Park,2001,7.2,"
Comedy, Drama, Mystery            ",http://www.imdb.com/title/tt0280707/?ref_=adv_li_tt,"77,948",,
,,,,,,,
Midnight Cowboy,1969,7.8,"
Drama            ",http://www.imdb.com/title/tt0064665/?ref_=adv_li_tt,"97,319",,
,,,,,,,
Up in the Air,2009,7.4,"
Comedy, Drama, Romance            ",http://www.imdb.com/title/tt1193138/?ref_=adv_li_tt,"311,910",,
,,,,,,,
To Kill a Mockingbird,1962,8.2,"
Crime, Drama            ",http://www.imdb.com/title/tt0056592/?ref_=adv_li_tt,"286,107",,
,,,,,,,
The Conversation,1974,7.8,"
Drama, Mystery, Thriller            ",http://www.imdb.com/title/tt0071360/?ref_=adv_li_tt,"94,048",,
,,,,,,,
Rain Man,1988,8,"
Drama            ",http://www.imdb.com/title/tt0095953/?ref_=adv_li_tt,"460,931",,
,,,,,,,
Funny Girl,1968,7.4,"
Biography, Comedy, Drama            ",http://www.imdb.com/title/tt0062994/?ref_=adv_li_tt,"18,461",,
,,,,,,,
Butch Cassidy and the Sundance Kid,1969,8,"
Biography, Crime, Drama            ",http://www.imdb.com/title/tt0064115/?ref_=adv_li_tt,"197,692",,
,,,,,,,
Captain Phillips,2013,7.8,"
Biography, Crime, Drama            ",http://www.imdb.com/title/tt1535109/?ref_=adv_li_tt,"407,788",,
,,,,,,,
Three Coins in the Fountain,1954,6.3,"
Drama, Romance            ",http://www.imdb.com/title/tt0047580/?ref_=adv_li_tt,"2,994",,
,,,,,,,
127 Hours,2010,7.6,"
Biography, Drama            ",http://www.imdb.com/title/tt1542344/?ref_=adv_li_tt,"339,307",,
,,,,,,,
Babel,2006,7.4,"
Drama            ",http://www.imdb.com/title/tt0449467/?ref_=adv_li_tt,"283,231",,
,,,,,,,
Sunset Blvd.,1950,8.4,"
Drama, Film-Noir            ",http://www.imdb.com/title/tt0043014/?ref_=adv_li_tt,"192,781",,
,,,,,,,
Dog Day Afternoon,1975,8,"
Biography, Crime, Drama            ",http://www.imdb.com/title/tt0072890/?ref_=adv_li_tt,"228,432",,
,,,,,,,
Fatal Attraction,1987,6.9,"
Drama, Thriller            ",http://www.imdb.com/title/tt0093010/?ref_=adv_li_tt,"73,035",,
,,,,,,,
The Sting,1973,8.3,"
Comedy, Crime, Drama            ",http://www.imdb.com/title/tt0070735/?ref_=adv_li_tt,"233,573",,
,,,,,,,
The Last Picture Show,1971,8,"
Drama, Romance            ",http://www.imdb.com/title/tt0067328/?ref_=adv_li_tt,"40,603",,
,,,,,,,
Master and Commander: The Far Side of the World,2003,7.4,"
Action, Adventure, Drama            ",http://www.imdb.com/title/tt0311113/?ref_=adv_li_tt,"196,428",,
,,,,,,,
Traffic,2000,7.6,"
Crime, Drama, Thriller            ",http://www.imdb.com/title/tt0181865/?ref_=adv_li_tt,"191,798",,
,,,,,,,
Witness,1985,7.4,"
Crime, Drama, Romance            ",http://www.imdb.com/title/tt0090329/?ref_=adv_li_tt,"83,262",,
,,,,,,,
Wo hu cang long,2000,7.8,"
Action, Adventure, Fantasy            ",http://www.imdb.com/title/tt0190332/?ref_=adv_li_tt,"247,966",,
,,,,,,,
Munich,2005,7.5,"
Action, Drama, History            ",http://www.imdb.com/title/tt0408306/?ref_=adv_li_tt,"206,377",,
,,,,,,,
Bridge of Spies,2015,7.6,"
Drama, History, Thriller            ",http://www.imdb.com/title/tt3682448/?ref_=adv_li_tt,"277,670",,
,,,,,,,
Four Weddings and a Funeral,1994,7,"
Comedy, Drama, Romance            ",http://www.imdb.com/title/tt0109831/?ref_=adv_li_tt,"134,299",,
,,,,,,,
Born on the Fourth of July,1989,7.2,"
Biography, Drama, War            ",http://www.imdb.com/title/tt0096969/?ref_=adv_li_tt,"94,965",,
,,,,,,,
Wings,1927,7.5,"
Drama, Romance, War            ",http://www.imdb.com/title/tt0018578/?ref_=adv_li_tt,"10,941",,
,,,,,,,
Roman Holiday,1953,8,"
Comedy, Romance            ",http://www.imdb.com/title/tt0046250/?ref_=adv_li_tt,"123,295",,
,,,,,,,
The Color Purple,1985,7.8,"
Drama            ",http://www.imdb.com/title/tt0088939/?ref_=adv_li_tt,"75,307",,
,,,,,,,
In the Heat of the Night,1967,7.9,"
Crime, Drama, Mystery            ",http://www.imdb.com/title/tt0061811/?ref_=adv_li_tt,"64,780",,
,,,,,,,
The Hours,2002,7.5,"
Drama, Romance            ",http://www.imdb.com/title/tt0274558/?ref_=adv_li_tt,"121,439",,
,,,,,,,
The Artist,2011,7.9,"
Comedy, Drama, Romance            ",http://www.imdb.com/title/tt1655442/?ref_=adv_li_tt,"225,500",,
,,,,,,,
A Room with a View,1985,7.3,"
Drama, Romance            ",http://www.imdb.com/title/tt0091867/?ref_=adv_li_tt,"38,056",,
,,,,,,,
Ben-Hur,1959,8.1,"
Adventure, Drama, History            ",http://www.imdb.com/title/tt0052618/?ref_=adv_li_tt,"212,618",,
,,,,,,,
The Right Stuff,1983,7.8,"
Adventure, Biography, Drama            ",http://www.imdb.com/title/tt0086197/?ref_=adv_li_tt,"54,456",,
,,,,,,,
The Piano,1993,7.6,"
Drama, Music, Romance            ",http://www.imdb.com/title/tt0107822/?ref_=adv_li_tt,"76,659",,
,,,,,,,
Coming Home,1978,7.3,"
Drama, Romance, War            ",http://www.imdb.com/title/tt0077362/?ref_=adv_li_tt,"11,938",,
,,,,,,,
A Serious Man,2009,7,"
Comedy, Drama            ",http://www.imdb.com/title/tt1019452/?ref_=adv_li_tt,"128,900",,
,,,,,,,
Annie Hall,1977,8,"
Comedy, Romance            ",http://www.imdb.com/title/tt0075686/?ref_=adv_li_tt,"246,268",,
,,,,,,,
Babe,1995,6.7,"
Comedy, Drama, Family            ",http://www.imdb.com/title/tt0112431/?ref_=adv_li_tt,"113,986",,
,,,,,,,
Network,1976,8.1,"
Drama            ",http://www.imdb.com/title/tt0074958/?ref_=adv_li_tt,"139,980",,
,,,,,,,
Tootsie,1982,7.4,"
Comedy, Drama, Romance            ",http://www.imdb.com/title/tt0084805/?ref_=adv_li_tt,"94,683",,
,,,,,,,
War Horse,2011,7.2,"
Action, Adventure, Drama            ",http://www.imdb.com/title/tt1568911/?ref_=adv_li_tt,"142,902",,
,,,,,,,
Sideways,2004,7.5,"
Comedy, Drama, Romance            ",http://www.imdb.com/title/tt0375063/?ref_=adv_li_tt,"175,687",,
,,,,,,,
The Ten Commandments,1956,7.8,"
Adventure, Drama            ",http://www.imdb.com/title/tt0049833/?ref_=adv_li_tt,"61,735",,
,,,,,,,
The Apartment,1960,8.3,"
Comedy, Drama, Romance            ",http://www.imdb.com/title/tt0053604/?ref_=adv_li_tt,"156,259",,
,,,,,,,
The Remains of the Day,1993,7.8,"
Drama, Romance            ",http://www.imdb.com/title/tt0107943/?ref_=adv_li_tt,"62,987",,
,,,,,,,
Terms of Endearment,1983,7.4,"
Comedy, Drama            ",http://www.imdb.com/title/tt0086425/?ref_=adv_li_tt,"52,955",,
,,,,,,,
Ordinary People,1980,7.7,"
Drama            ",http://www.imdb.com/title/tt0081283/?ref_=adv_li_tt,"45,036",,
,,,,,,,
MASH,1970,7.5,"
Comedy, Drama, War            ",http://www.imdb.com/title/tt0066026/?ref_=adv_li_tt,"65,884",,
,,,,,,,
On the Waterfront,1954,8.1,"
Crime, Drama, Thriller            ",http://www.imdb.com/title/tt0047296/?ref_=adv_li_tt,"136,624",,
,,,,,,,
Shakespeare in Love,1998,7.1,"
Comedy, Drama, History            ",http://www.imdb.com/title/tt0138097/?ref_=adv_li_tt,"209,473",,
,,,,,,,
The French Connection,1971,7.7,"
Action, Crime, Drama            ",http://www.imdb.com/title/tt0067116/?ref_=adv_li_tt,"105,863",,
,,,,,,,
Bonnie and Clyde,1967,7.8,"
Action, Biography, Crime            ",http://www.imdb.com/title/tt0061418/?ref_=adv_li_tt,"99,222",,
,,,,,,,
Chocolat,2000,7.2,"
Drama, Romance            ",http://www.imdb.com/title/tt0241303/?ref_=adv_li_tt,"174,182",,
,,,,,,,
JFK,1991,8,"
Drama, History, Thriller            ",http://www.imdb.com/title/tt0102138/?ref_=adv_li_tt,"136,906",,
,,,,,,,
Out of Africa,1985,7.2,"
Biography, Drama, Romance            ",http://www.imdb.com/title/tt0089755/?ref_=adv_li_tt,"69,521",,
,,,,,,,
The Crying Game,1992,7.2,"
Crime, Drama, Romance            ",http://www.imdb.com/title/tt0104036/?ref_=adv_li_tt,"49,631",,
,,,,,,,
The Longest Day,1962,7.8,"
Action, Drama, History            ",http://www.imdb.com/title/tt0056197/?ref_=adv_li_tt,"51,005",,
,,,,,,,
Precious,2009,7.3,"
Drama            ",http://www.imdb.com/title/tt0929632/?ref_=adv_li_tt,"103,436",,
,,,,,,,
The Last Emperor,1987,7.7,"
Biography, Drama, History            ",http://www.imdb.com/title/tt0093389/?ref_=adv_li_tt,"90,616",,
,,,,,,,
Midnight Express,1978,7.6,"
Biography, Crime, Drama            ",http://www.imdb.com/title/tt0077928/?ref_=adv_li_tt,"70,718",,
,,,,,,,
In the Name of the Father,1993,8.1,"
Biography, Drama            ",http://www.imdb.com/title/tt0107207/?ref_=adv_li_tt,"150,543",,
,,,,,,,
Cleopatra,1963,7,"
Biography, Drama, History            ",http://www.imdb.com/title/tt0056937/?ref_=adv_li_tt,"28,288",,
,,,,,,,
Awakenings,1990,7.8,"
Biography, Drama            ",http://www.imdb.com/title/tt0099077/?ref_=adv_li_tt,"119,079",,
,,,,,,,
Double Indemnity,1944,8.3,"
Crime, Drama, Film-Noir            ",http://www.imdb.com/title/tt0036775/?ref_=adv_li_tt,"137,513",,
,,,,,,,
High Noon,1952,7.9,"
Drama, Thriller, Western            ",http://www.imdb.com/title/tt0044706/?ref_=adv_li_tt,"94,669",,
,,,,,,,
Doctor Zhivago,1965,8,"
Drama, Romance, War            ",http://www.imdb.com/title/tt0059113/?ref_=adv_li_tt,"67,558",,
,,,,,,,
Moonstruck,1987,7.1,"
Comedy, Drama, Romance            ",http://www.imdb.com/title/tt0093565/?ref_=adv_li_tt,"47,423",,
,,,,,,,
Dangerous Liaisons,1988,7.6,"
Drama, Romance            ",http://www.imdb.com/title/tt0094947/?ref_=adv_li_tt,"62,591",,
,,,,,,,
The Insider,1999,7.8,"
Biography, Drama, Thriller            ",http://www.imdb.com/title/tt0140352/?ref_=adv_li_tt,"155,704",,
,,,,,,,
Field of Dreams,1989,7.5,"
Drama, Family, Fantasy            ",http://www.imdb.com/title/tt0097351/?ref_=adv_li_tt,"104,612",,
,,,,,,,
All the President's Men,1976,8,"
Biography, Drama, History            ",http://www.imdb.com/title/tt0074119/?ref_=adv_li_tt,"98,510",,
,,,,,,,
My Fair Lady,1964,7.8,"
Drama, Family, Musical            ",http://www.imdb.com/title/tt0058385/?ref_=adv_li_tt,"83,868",,
,,,,,,,
Winter's Bone,2010,7.2,"
Drama, Mystery            ",http://www.imdb.com/title/tt1399683/?ref_=adv_li_tt,"132,537",,
,,,,,,,
Gandhi,1982,8,"
Biography, Drama, History            ",http://www.imdb.com/title/tt0083987/?ref_=adv_li_tt,"213,764",,
,,,,,,,
Kramer vs. Kramer,1979,7.8,"
Drama            ",http://www.imdb.com/title/tt0079417/?ref_=adv_li_tt,"127,395",,
,,,,,,,
From Here to Eternity,1953,7.6,"
Drama, Romance, War            ",http://www.imdb.com/title/tt0045793/?ref_=adv_li_tt,"41,780",,
,,,,,,,
Mississippi Burning,1988,7.8,"
Crime, Drama, History            ",http://www.imdb.com/title/tt0095647/?ref_=adv_li_tt,"84,024",,
,,,,,,,
All About Eve,1950,8.2,"
Drama            ",http://www.imdb.com/title/tt0042192/?ref_=adv_li_tt,"116,118",,
,,,,,,,
Finding Neverland,2004,7.7,"
Biography, Drama, Family            ",http://www.imdb.com/title/tt0308644/?ref_=adv_li_tt,"195,312",,
,,,,,,,
Romeo and Juliet,1968,7.6,"
Drama, Romance            ",http://www.imdb.com/title/tt0063518/?ref_=adv_li_tt,"28,613",,
,,,,,,,
Rebecca,1940,8.1,"
Drama, Mystery, Romance            ",http://www.imdb.com/title/tt0032976/?ref_=adv_li_tt,"117,685",,
,,,,,,,
Shane,1953,7.6,"
Drama, Western            ",http://www.imdb.com/title/tt0046303/?ref_=adv_li_tt,"35,706",,
,,,,,,,
The Cider House Rules,1999,7.4,"
Drama, Romance            ",http://www.imdb.com/title/tt0124315/?ref_=adv_li_tt,"91,138",,
,,,,,,,
Capote,2005,7.3,"
Biography, Crime, Drama            ",http://www.imdb.com/title/tt0379725/?ref_=adv_li_tt,"122,215",,
,,,,,,,
The Hustler,1961,8,"
Drama, Sport            ",http://www.imdb.com/title/tt0054997/?ref_=adv_li_tt,"73,374",,
,,,,,,,
Witness for the Prosecution,1957,8.4,"
Crime, Drama, Mystery            ",http://www.imdb.com/title/tt0051201/?ref_=adv_li_tt,"102,229",,
,,,,,,,
Patton,1970,7.9,"
Biography, Drama, War            ",http://www.imdb.com/title/tt0066206/?ref_=adv_li_tt,"91,647",,
,,,,,,,
Fences,2016,7.2,"
Drama            ",http://www.imdb.com/title/tt2671706/?ref_=adv_li_tt,"94,026",,
,,,,,,,
It Happened One Night,1934,8.1,"
Comedy, Romance            ",http://www.imdb.com/title/tt0025316/?ref_=adv_li_tt,"90,046",,
,,,,,,,
The Big Chill,1983,7.2,"
Comedy, Drama            ",http://www.imdb.com/title/tt0085244/?ref_=adv_li_tt,"31,721",,
,,,,,,,
The Great Dictator,1940,8.4,"
Comedy, Drama, War            ",http://www.imdb.com/title/tt0032553/?ref_=adv_li_tt,"194,473",,
,,,,,,,
All That Jazz,1979,7.9,"
Drama, Music, Musical            ",http://www.imdb.com/title/tt0078754/?ref_=adv_li_tt,"26,648",,
,,,,,,,
Letters from Iwo Jima,2006,7.9,"
Action, Adventure, Drama            ",http://www.imdb.com/title/tt0498380/?ref_=adv_li_tt,"151,064",,
,,,,,,,
Giant,1956,7.6,"
Drama, Western            ",http://www.imdb.com/title/tt0049261/?ref_=adv_li_tt,"32,857",,
,,,,,,,
The Towering Inferno,1974,7,"
Action, Drama, Thriller            ",http://www.imdb.com/title/tt0072308/?ref_=adv_li_tt,"37,812",,
,,,,,,,
Fiddler on the Roof,1971,8,"
Drama, Family, Musical            ",http://www.imdb.com/title/tt0067093/?ref_=adv_li_tt,"37,606",,
,,,,,,,
Cabaret,1972,7.8,"
Drama, Musical            ",http://www.imdb.com/title/tt0068327/?ref_=adv_li_tt,"46,534",,
,,,,,,,
My Left Foot: The Story of Christy Brown,1989,7.9,"
Biography, Drama            ",http://www.imdb.com/title/tt0097937/?ref_=adv_li_tt,"65,269",,
,,,,,,,
Milk,2008,7.5,"
Biography, Drama            ",http://www.imdb.com/title/tt1013753/?ref_=adv_li_tt,"161,279",,
,,,,,,,
An Education,2009,7.3,"
Drama            ",http://www.imdb.com/title/tt1174732/?ref_=adv_li_tt,"126,113",,
,,,,,,,
The Magnificent Ambersons,1942,7.7,"
Drama, Romance            ",http://www.imdb.com/title/tt0035015/?ref_=adv_li_tt,"21,485",,
,,,,,,,
Breaking Away,1979,7.7,"
Comedy, Drama, Romance            ",http://www.imdb.com/title/tt0078902/?ref_=adv_li_tt,"21,028",,
,,,,,,,
The Maltese Falcon,1941,8,"
Film-Noir, Mystery            ",http://www.imdb.com/title/tt0033870/?ref_=adv_li_tt,"145,534",,
,,,,,,,
Ray,2004,7.7,"
Biography, Drama, Music            ",http://www.imdb.com/title/tt0350258/?ref_=adv_li_tt,"134,639",,
,,,,,,,
Chariots of Fire,1981,7.2,"
Biography, Drama, Sport            ",http://www.imdb.com/title/tt0082158/?ref_=adv_li_tt,"52,489",,
,,,,,,,
Working Girl,1988,6.8,"
Comedy, Drama, Romance            ",http://www.imdb.com/title/tt0096463/?ref_=adv_li_tt,"50,030",,
,,,,,,,
The Kids Are All Right,2010,7,"
Comedy, Drama, Romance            ",http://www.imdb.com/title/tt0842926/?ref_=adv_li_tt,"123,643",,
,,,,,,,
Anatomy of a Murder,1959,8,"
Crime, Drama, Mystery            ",http://www.imdb.com/title/tt0052561/?ref_=adv_li_tt,"57,432",,
,,,,,,,
The Full Monty,1997,7.2,"
Comedy, Drama            ",http://www.imdb.com/title/tt0119164/?ref_=adv_li_tt,"96,569",,
,,,,,,,
The Quiet Man,1952,7.7,"
Comedy, Drama, Romance            ",http://www.imdb.com/title/tt0045061/?ref_=adv_li_tt,"33,495",,
,,,,,,,
Selma,2014,7.5,"
Biography, Drama, History            ",http://www.imdb.com/title/tt1020072/?ref_=adv_li_tt,"81,804",,
,,,,,,,
Amour,2012,7.9,"
Drama, Romance            ",http://www.imdb.com/title/tt1602620/?ref_=adv_li_tt,"90,153",,
,,,,,,,
The Mission,1986,7.4,"
Adventure, Drama, History            ",http://www.imdb.com/title/tt0091530/?ref_=adv_li_tt,"53,996",,
,,,,,,,
Five Easy Pieces,1970,7.5,"
Drama            ",http://www.imdb.com/title/tt0065724/?ref_=adv_li_tt,"32,023",,
,,,,,,,
Driving Miss Daisy,1989,7.4,"
Drama            ",http://www.imdb.com/title/tt0097239/?ref_=adv_li_tt,"95,627",,
,,,,,,,
Love Story,1970,6.9,"
Drama, Romance            ",http://www.imdb.com/title/tt0066011/?ref_=adv_li_tt,"29,099",,
,,,,,,,
The Treasure of the Sierra Madre,1948,8.2,"
Adventure, Drama, Western            ",http://www.imdb.com/title/tt0040897/?ref_=adv_li_tt,"109,908",,
,,,,,,,
How the West Was Won,1962,7.1,"
Western            ",http://www.imdb.com/title/tt0056085/?ref_=adv_li_tt,"17,926",,
,,,,,,,
Nebraska,2013,7.7,"
Adventure, Comedy, Drama            ",http://www.imdb.com/title/tt1821549/?ref_=adv_li_tt,"109,698",,
,,,,,,,
Heaven Can Wait,1978,6.9,"
Comedy, Fantasy, Romance            ",http://www.imdb.com/title/tt0077663/?ref_=adv_li_tt,"17,833",,
,,,,,,,
Top Hat,1935,7.7,"
Comedy, Musical, Romance            ",http://www.imdb.com/title/tt0027125/?ref_=adv_li_tt,"16,722",,
,,,,,,,
The Robe,1953,6.7,"
Drama, History            ",http://www.imdb.com/title/tt0046247/?ref_=adv_li_tt,"8,988",,
,,,,,,,
The Alamo,1960,6.9,"
Adventure, Drama, History            ",http://www.imdb.com/title/tt0053580/?ref_=adv_li_tt,"13,915",,
,,,,,,,
The Killing Fields,1984,7.8,"
Biography, Drama, History            ",http://www.imdb.com/title/tt0087553/?ref_=adv_li_tt,"49,846",,
,,,,,,,
All Quiet on the Western Front,1930,8,"
Drama, War            ",http://www.imdb.com/title/tt0020629/?ref_=adv_li_tt,"55,802",,
,,,,,,,
The Lion in Winter,1968,7.9,"
Biography, Drama, History            ",http://www.imdb.com/title/tt0063227/?ref_=adv_li_tt,"28,167",,
,,,,,,,
Coal Miner's Daughter,1980,7.5,"
Biography, Drama, Music            ",http://www.imdb.com/title/tt0080549/?ref_=adv_li_tt,"16,072",,
,,,,,,,
Guess Who's Coming to Dinner,1967,7.8,"
Comedy, Drama            ",http://www.imdb.com/title/tt0061735/?ref_=adv_li_tt,"37,697",,
,,,,,,,
Nashville,1975,7.7,"
Comedy, Drama, Music            ",http://www.imdb.com/title/tt0073440/?ref_=adv_li_tt,"22,708",,
,,,,,,,
Howards End,1992,7.4,"
Drama, Romance            ",http://www.imdb.com/title/tt0104454/?ref_=adv_li_tt,"27,628",,
,,,,,,,
The Queen,2006,7.3,"
Biography, Drama, History            ",http://www.imdb.com/title/tt0436697/?ref_=adv_li_tt,"101,464",,
,,,,,,,
On Golden Pond,1981,7.6,"
Drama            ",http://www.imdb.com/title/tt0082846/?ref_=adv_li_tt,"26,698",,
,,,,,,,
Airport,1970,6.6,"
Action, Drama, Thriller            ",http://www.imdb.com/title/tt0065377/?ref_=adv_li_tt,"16,844",,
,,,,,,,
Judgment at Nuremberg,1961,8.2,"
Drama, War            ",http://www.imdb.com/title/tt0055031/?ref_=adv_li_tt,"66,300",,
,,,,,,,
In the Bedroom,2001,7.4,"
Crime, Drama            ",http://www.imdb.com/title/tt0247425/?ref_=adv_li_tt,"36,565",,
,,,,,,,
Stagecoach,1939,7.9,"
Adventure, Drama, Western            ",http://www.imdb.com/title/tt0031971/?ref_=adv_li_tt,"41,375",,
,,,,,,,
The Philadelphia Story,1940,7.9,"
Comedy, Romance            ",http://www.imdb.com/title/tt0032904/?ref_=adv_li_tt,"61,326",,
,,,,,,,
The Guns of Navarone,1961,7.5,"
Action, Adventure, Drama            ",http://www.imdb.com/title/tt0054953/?ref_=adv_li_tt,"44,085",,
,,,,,,,
The Red Shoes,1948,8.1,"
Drama, Music, Romance            ",http://www.imdb.com/title/tt0040725/?ref_=adv_li_tt,"29,290",,
,,,,,,,
Bugsy,1991,6.8,"
Biography, Crime, Drama            ",http://www.imdb.com/title/tt0101516/?ref_=adv_li_tt,"25,221",,
,,,,,,,
Seven Brides for Seven Brothers,1954,7.4,"
Comedy, Drama, Musical            ",http://www.imdb.com/title/tt0047472/?ref_=adv_li_tt,"20,598",,
,,,,,,,
The Adventures of Robin Hood,1938,7.9,"
Action, Adventure, Romance            ",http://www.imdb.com/title/tt0029843/?ref_=adv_li_tt,"45,774",,
,,,,,,,
Around the World in 80 Days,1956,6.8,"
Adventure, Comedy, Family            ",http://www.imdb.com/title/tt0048960/?ref_=adv_li_tt,"23,684",,
,,,,,,,
Tess,1979,7.3,"
Drama, Romance            ",http://www.imdb.com/title/tt0080009/?ref_=adv_li_tt,"14,587",,
,,,,,,,
Cat on a Hot Tin Roof,1958,8,"
Drama            ",http://www.imdb.com/title/tt0051459/?ref_=adv_li_tt,"43,270",,
,,,,,,,
Who's Afraid of Virginia Woolf?,1966,8,"
Drama            ",http://www.imdb.com/title/tt0061184/?ref_=adv_li_tt,"67,032",,
,,,,,,,
Gaslight,1944,7.8,"
Crime, Drama, Film-Noir            ",http://www.imdb.com/title/tt0036855/?ref_=adv_li_tt,"23,054",,
,,,,,,,
Oliver!,1968,7.4,"
Drama, Family, Musical            ",http://www.imdb.com/title/tt0063385/?ref_=adv_li_tt,"33,419",,
,,,,,,,
Hannah and Her Sisters,1986,7.9,"
Comedy, Drama            ",http://www.imdb.com/title/tt0091167/?ref_=adv_li_tt,"64,953",,
,,,,,,,
Frost/Nixon,2008,7.7,"
Biography, Drama, History            ",http://www.imdb.com/title/tt0870111/?ref_=adv_li_tt,"100,180",,
,,,,,,,
The Grapes of Wrath,1940,8,"
Drama, History            ",http://www.imdb.com/title/tt0032551/?ref_=adv_li_tt,"84,015",,
,,,,,,,
A Man for All Seasons,1966,7.7,"
Biography, Drama, History            ",http://www.imdb.com/title/tt0060665/?ref_=adv_li_tt,"30,102",,
,,,,,,,
The Verdict,1982,7.7,"
Drama            ",http://www.imdb.com/title/tt0084855/?ref_=adv_li_tt,"34,397",,
,,,,,,,
Sayonara,1957,7.1,"
Drama, Romance            ",http://www.imdb.com/title/tt0050933/?ref_=adv_li_tt,"5,882",,
,,,,,,,
Philomena,2013,7.6,"
Biography, Comedy, Drama            ",http://www.imdb.com/title/tt2431286/?ref_=adv_li_tt,"91,955",,
,,,,,,,
Mildred Pierce,1945,8,"
Crime, Drama, Film-Noir            ",http://www.imdb.com/title/tt0037913/?ref_=adv_li_tt,"21,703",,
,,,,,,,
Seabiscuit,2003,7.3,"
Drama, History, Sport            ",http://www.imdb.com/title/tt0329575/?ref_=adv_li_tt,"65,038",,
,,,,,,,
Spellbound,1945,7.6,"
Film-Noir, Mystery, Romance            ",http://www.imdb.com/title/tt0038109/?ref_=adv_li_tt,"41,655",,
,,,,,,,
Extremely Loud & Incredibly Close,2011,6.9,"
Adventure, Drama, Mystery            ",http://www.imdb.com/title/tt0477302/?ref_=adv_li_tt,"96,011",,
,,,,,,,
Reds,1981,7.3,"
Biography, Drama, History            ",http://www.imdb.com/title/tt0082979/?ref_=adv_li_tt,"20,086",,
,,,,,,,
An American in Paris,1951,7.2,"
Drama, Musical, Romance            ",http://www.imdb.com/title/tt0043278/?ref_=adv_li_tt,"29,199",,
,,,,,,,
The Good Earth,1937,7.5,"
Drama, Romance            ",http://www.imdb.com/title/tt0028944/?ref_=adv_li_tt,"4,377",,
,,,,,,,
Secrets & Lies,1996,8,"
Comedy, Drama            ",http://www.imdb.com/title/tt0117589/?ref_=adv_li_tt,"35,721",,
,,,,,,,
Quiz Show,1994,7.5,"
Biography, Drama, History            ",http://www.imdb.com/title/tt0110932/?ref_=adv_li_tt,"63,055",,
,,,,,,,
Suspicion,1941,7.4,"
Mystery, Thriller            ",http://www.imdb.com/title/tt0034248/?ref_=adv_li_tt,"31,047",,
,,,,,,,
Ship of Fools,1965,7.1,"
Drama, Romance, War            ",http://www.imdb.com/title/tt0059712/?ref_=adv_li_tt,"4,976",,
,,,,,,,
A Place in the Sun,1951,7.8,"
Drama, Romance            ",http://www.imdb.com/title/tt0043924/?ref_=adv_li_tt,"19,210",,
,,,,,,,
Broadcast News,1987,7.2,"
Comedy, Drama, Romance            ",http://www.imdb.com/title/tt0092699/?ref_=adv_li_tt,"25,938",,
,,,,,,,
Viskningar och rop,1972,8.1,"
Drama            ",http://www.imdb.com/title/tt0069467/?ref_=adv_li_tt,"28,521",,
,,,,,,,
Beasts of the Southern Wild,2012,7.3,"
Adventure, Drama, Fantasy            ",http://www.imdb.com/title/tt2125435/?ref_=adv_li_tt,"79,465",,
,,,,,,,
Z,1969,8.3,"
Crime, Drama, History            ",http://www.imdb.com/title/tt0065234/?ref_=adv_li_tt,"22,889",,
,,,,,,,
The Song of Bernadette,1943,7.6,"
Biography, Drama            ",http://www.imdb.com/title/tt0036377/?ref_=adv_li_tt,"5,921",,
,,,,,,,
Picnic,1955,7.1,"
Drama, Romance            ",http://www.imdb.com/title/tt0048491/?ref_=adv_li_tt,"7,637",,
,,,,,,,
The Thin Man,1934,8,"
Comedy, Crime, Mystery            ",http://www.imdb.com/title/tt0025878/?ref_=adv_li_tt,"25,443",,
,,,,,,,
The King and I,1956,7.4,"
Biography, Drama, Musical            ",http://www.imdb.com/title/tt0049408/?ref_=adv_li_tt,"23,160",,
,,,,,,,
Crossfire,1947,7.3,"
Crime, Drama, Film-Noir            ",http://www.imdb.com/title/tt0039286/?ref_=adv_li_tt,"6,992",,
,,,,,,,
"Good Night, and Good Luck.",2005,7.4,"
Biography, Drama, History            ",http://www.imdb.com/title/tt0433383/?ref_=adv_li_tt,"92,558",,
,,,,,,,
Mr. Smith Goes to Washington,1939,8.1,"
Comedy, Drama            ",http://www.imdb.com/title/tt0031679/?ref_=adv_li_tt,"103,254",,
,,,,,,,
Marty,1955,7.7,"
Drama, Romance            ",http://www.imdb.com/title/tt0048356/?ref_=adv_li_tt,"20,580",,
,,,,,,,
A Passage to India,1984,7.3,"
Adventure, Drama, History            ",http://www.imdb.com/title/tt0087892/?ref_=adv_li_tt,"16,418",,
,,,,,,,
Shine,1996,7.7,"
Biography, Drama, Music            ",http://www.imdb.com/title/tt0117631/?ref_=adv_li_tt,"50,178",,
,,,,,,,
The Prince of Tides,1991,6.7,"
Drama, Romance            ",http://www.imdb.com/title/tt0102713/?ref_=adv_li_tt,"15,583",,
,,,,,,,
The Music Man,1962,7.7,"
Comedy, Family, Musical            ",http://www.imdb.com/title/tt0056262/?ref_=adv_li_tt,"15,456",,
,,,,,,,
The Lost Weekend,1945,7.9,"
Drama, Film-Noir            ",http://www.imdb.com/title/tt0037884/?ref_=adv_li_tt,"32,364",,
,,,,,,,
Mutiny on the Bounty,1962,7.3,"
Adventure, Drama, History            ",http://www.imdb.com/title/tt0056264/?ref_=adv_li_tt,"14,535",,
,,,,,,,
Mrs. Miniver,1942,7.6,"
Drama, Romance, War            ",http://www.imdb.com/title/tt0035093/?ref_=adv_li_tt,"15,244",,
,,,,,,,
"Atlantic City, USA",1980,7.3,"
Crime, Drama, Romance            ",http://www.imdb.com/title/tt0080388/?ref_=adv_li_tt,"14,412",,
,,,,,,,
Doctor Dolittle,1967,6.2,"
Adventure, Comedy, Family            ",http://www.imdb.com/title/tt0061584/?ref_=adv_li_tt,"8,276",,
,,,,,,,
Miracle on 34th Street,1947,7.9,"
Comedy, Drama, Family            ",http://www.imdb.com/title/tt0039628/?ref_=adv_li_tt,"38,811",,
,,,,,,,
Places in the Heart,1984,7.4,"
Drama            ",http://www.imdb.com/title/tt0087921/?ref_=adv_li_tt,"9,883",,
,,,,,,,
How Green Was My Valley,1941,7.7,"
Drama, Family            ",http://www.imdb.com/title/tt0033729/?ref_=adv_li_tt,"20,397",,
,,,,,,,
Darling,1965,7.1,"
Drama, Romance            ",http://www.imdb.com/title/tt0059084/?ref_=adv_li_tt,"5,801",,
,,,,,,,
Quo Vadis,1951,7.2,"
Biography, Drama, History            ",http://www.imdb.com/title/tt0043949/?ref_=adv_li_tt,"13,108",,
,,,,,,,
The Greatest Show on Earth,1952,6.6,"
Drama, Family, Romance            ",http://www.imdb.com/title/tt0044672/?ref_=adv_li_tt,"12,406",,
,,,,,,,
Il postino,1994,7.7,"
Biography, Comedy, Drama            ",http://www.imdb.com/title/tt0110877/?ref_=adv_li_tt,"32,402",,
,,,,,,,
Lenny,1974,7.6,"
Biography, Drama            ",http://www.imdb.com/title/tt0071746/?ref_=adv_li_tt,"13,984",,
,,,,,,,
Kiss of the Spider Woman,1985,7.4,"
Drama            ",http://www.imdb.com/title/tt0089424/?ref_=adv_li_tt,"13,727",,
,,,,,,,
Gigi,1958,6.7,"
Comedy, Musical, Romance            ",http://www.imdb.com/title/tt0051658/?ref_=adv_li_tt,"18,897",,
,,,,,,,
The Goodbye Girl,1977,7.4,"
Comedy, Drama, Romance            ",http://www.imdb.com/title/tt0076095/?ref_=adv_li_tt,"12,068",,
,,,,,,,
Prizzi's Honor,1985,6.7,"
Comedy, Crime, Drama            ",http://www.imdb.com/title/tt0089841/?ref_=adv_li_tt,"22,084",,
,,,,,,,
Julius Caesar,1953,7.3,"
Biography, Drama, History            ",http://www.imdb.com/title/tt0045943/?ref_=adv_li_tt,"10,010",,
,,,,,,,
Five Star Final,1931,7.3,"
Crime, Drama            ",http://www.imdb.com/title/tt0021873/?ref_=adv_li_tt,"1,709",,
,,,,,,,
The Caine Mutiny,1954,7.7,"
Drama, War            ",http://www.imdb.com/title/tt0046816/?ref_=adv_li_tt,"23,678",,
,,,,,,,
Sunrise: A Song of Two Humans,1927,8.1,"
Drama, Romance            ",http://www.imdb.com/title/tt0018455/?ref_=adv_li_tt,"45,588",,
,,,,,,,
Missing,1982,7.7,"
Biography, Drama, History            ",http://www.imdb.com/title/tt0084335/?ref_=adv_li_tt,"17,865",,
,,,,,,,
Nicholas and Alexandra,1971,7.2,"
Biography, Drama, History            ",http://www.imdb.com/title/tt0067483/?ref_=adv_li_tt,"4,218",,
,,,,,,,
You Can't Take It with You,1938,7.9,"
Comedy, Drama, Romance            ",http://www.imdb.com/title/tt0030993/?ref_=adv_li_tt,"22,437",,
,,,,,,,
The Nun's Story,1959,7.6,"
Drama            ",http://www.imdb.com/title/tt0053131/?ref_=adv_li_tt,"9,033",,
,,,,,,,
Mister Roberts,1955,7.7,"
Comedy, Drama, War            ",http://www.imdb.com/title/tt0048380/?ref_=adv_li_tt,"14,871",,
,,,,,,,
Lost Horizon,1937,7.7,"
Adventure, Drama, Fantasy            ",http://www.imdb.com/title/tt0029162/?ref_=adv_li_tt,"11,646",,
,,,,,,,
Children of a Lesser God,1986,7.2,"
Drama, Romance            ",http://www.imdb.com/title/tt0090830/?ref_=adv_li_tt,"14,488",,
,,,,,,,
Alexis Zorbas,1964,7.7,"
Comedy, Drama            ",http://www.imdb.com/title/tt0057831/?ref_=adv_li_tt,"19,933",,
,,,,,,,
Alfie,1966,7,"
Comedy, Drama            ",http://www.imdb.com/title/tt0060086/?ref_=adv_li_tt,"13,117",,
,,,,,,,
A Star Is Born,1937,7.3,"
Drama, Romance            ",http://www.imdb.com/title/tt0029606/?ref_=adv_li_tt,"8,284",,
,,,,,,,
Julia,1977,7.2,"
Drama            ",http://www.imdb.com/title/tt0076245/?ref_=adv_li_tt,"8,410",,
,,,,,,,
Tom Jones,1963,6.5,"
Adventure, Comedy, History            ",http://www.imdb.com/title/tt0057590/?ref_=adv_li_tt,"11,150",,
,,,,,,,
Yankee Doodle Dandy,1942,7.7,"
Biography, Drama, Musical            ",http://www.imdb.com/title/tt0035575/?ref_=adv_li_tt,"13,573",,
,,,,,,,
The Diary of Anne Frank,1959,7.4,"
Biography, Drama, Family            ",http://www.imdb.com/title/tt0052738/?ref_=adv_li_tt,"11,653",,
,,,,,,,
Separate Tables,1958,7.4,"
Drama, Romance            ",http://www.imdb.com/title/tt0052182/?ref_=adv_li_tt,"6,504",,
,,,,,,,
Hamlet,1948,7.6,"
Drama            ",http://www.imdb.com/title/tt0040416/?ref_=adv_li_tt,"14,718",,
,,,,,,,
Anne of the Thousand Days,1969,7.5,"
Biography, Drama, History            ",http://www.imdb.com/title/tt0064030/?ref_=adv_li_tt,"6,479",,
,,,,,,,
Wuthering Heights,1939,7.6,"
Drama, Romance            ",http://www.imdb.com/title/tt0032145/?ref_=adv_li_tt,"15,748",,
,,,,,,,
The Heiress,1949,8.2,"
Drama, Romance            ",http://www.imdb.com/title/tt0041452/?ref_=adv_li_tt,"12,708",,
,,,,,,,
La Grande Illusion,1937,8.1,"
Drama, War            ",http://www.imdb.com/title/tt0028950/?ref_=adv_li_tt,"32,834",,
,,,,,,,
Battleground,1949,7.4,"
Action, Drama, History            ",http://www.imdb.com/title/tt0041163/?ref_=adv_li_tt,"6,374",,
,,,,,,,
Mutiny on the Bounty,1935,7.7,"
Adventure, Biography, Drama            ",http://www.imdb.com/title/tt0026752/?ref_=adv_li_tt,"20,046",,
,,,,,,,
Foreign Correspondent,1940,7.5,"
Action, Romance, Thriller            ",http://www.imdb.com/title/tt0032484/?ref_=adv_li_tt,"17,583",,
,,,,,,,
For Whom the Bell Tolls,1943,6.9,"
Adventure, Drama, History            ",http://www.imdb.com/title/tt0035896/?ref_=adv_li_tt,"8,073",,
,,,,,,,
Captain Blood,1935,7.7,"
Action, Adventure            ",http://www.imdb.com/title/tt0026174/?ref_=adv_li_tt,"12,502",,
,,,,,,,
Gentleman's Agreement,1947,7.2,"
Drama, Romance            ",http://www.imdb.com/title/tt0039416/?ref_=adv_li_tt,"14,279",,
,,,,,,,
A Soldier's Story,1984,7.2,"
Crime, Drama, Mystery            ",http://www.imdb.com/title/tt0088146/?ref_=adv_li_tt,"8,497",,
,,,,,,,
The Defiant Ones,1958,7.6,"
Crime, Drama            ",http://www.imdb.com/title/tt0051525/?ref_=adv_li_tt,"12,971",,
,,,,,,,
Tender Mercies,1983,7.4,"
Drama, Music            ",http://www.imdb.com/title/tt0086423/?ref_=adv_li_tt,"8,979",,
,,,,,,,
Norma Rae,1979,7.3,"
Drama            ",http://www.imdb.com/title/tt0079638/?ref_=adv_li_tt,"9,977",,
,,,,,,,
Auntie Mame,1958,7.9,"
Comedy, Drama, Romance            ",http://www.imdb.com/title/tt0051383/?ref_=adv_li_tt,"10,003",,
,,,,,,,
42nd Street,1933,7.4,"
Comedy, Musical, Romance            ",http://www.imdb.com/title/tt0024034/?ref_=adv_li_tt,"10,283",,
,,,,,,,
The Razor's Edge,1946,7.4,"
Drama, Romance            ",http://www.imdb.com/title/tt0038873/?ref_=adv_li_tt,"5,166",,
,,,,,,,
Elmer Gantry,1960,7.8,"
Drama            ",http://www.imdb.com/title/tt0053793/?ref_=adv_li_tt,"9,892",,
,,,,,,,
The Ox-Bow Incident,1942,8,"
Drama, Western            ",http://www.imdb.com/title/tt0036244/?ref_=adv_li_tt,"20,158",,
,,,,,,,
Becket,1964,7.8,"
Biography, Drama, History            ",http://www.imdb.com/title/tt0057877/?ref_=adv_li_tt,"13,226",,
,,,,,,,
The Accidental Tourist,1988,6.8,"
Drama, Romance            ",http://www.imdb.com/title/tt0094606/?ref_=adv_li_tt,"14,357",,
,,,,,,,
Hope and Glory,1987,7.3,"
Comedy, Drama, Romance            ",http://www.imdb.com/title/tt0093209/?ref_=adv_li_tt,"12,080",,
,,,,,,,
Twelve O'Clock High,1949,7.7,"
Drama, War            ",http://www.imdb.com/title/tt0041996/?ref_=adv_li_tt,"11,867",,
,,,,,,,
Decision Before Dawn,1951,7.2,"
Drama, War            ",http://www.imdb.com/title/tt0043459/?ref_=adv_li_tt,"2,305",,
,,,,,,,
The Russians Are Coming the Russians Are Coming,1966,7.1,"
Comedy, War            ",http://www.imdb.com/title/tt0060921/?ref_=adv_li_tt,"7,644",,
,,,,,,,
Grand Hotel,1932,7.4,"
Drama, Romance            ",http://www.imdb.com/title/tt0022958/?ref_=adv_li_tt,"16,661",,
,,,,,,,
Little Women,1933,7.2,"
Drama, Family, Romance            ",http://www.imdb.com/title/tt0024264/?ref_=adv_li_tt,"6,160",,
,,,,,,,
Jezebel,1938,7.5,"
Drama, Romance            ",http://www.imdb.com/title/tt0030287/?ref_=adv_li_tt,"11,525",,
,,,,,,,
Peyton Place,1957,7.2,"
Drama, Romance            ",http://www.imdb.com/title/tt0050839/?ref_=adv_li_tt,"5,117",,
,,,,,,,
Friendly Persuasion,1956,7.3,"
Drama, Romance, War            ",http://www.imdb.com/title/tt0049233/?ref_=adv_li_tt,"6,160",,
,,,,,,,
America America,1963,7.8,"
Drama            ",http://www.imdb.com/title/tt0056825/?ref_=adv_li_tt,"4,656",,
,,,,,,,
Mr. Deeds Goes to Town,1936,7.9,"
Comedy, Drama, Romance            ",http://www.imdb.com/title/tt0027996/?ref_=adv_li_tt,"19,026",,
,,,,,,,
All the King's Men,1949,7.5,"
Drama, Film-Noir            ",http://www.imdb.com/title/tt0041113/?ref_=adv_li_tt,"12,688",,
,,,,,,,
Lilies of the Field,1963,7.6,"
Drama            ",http://www.imdb.com/title/tt0057251/?ref_=adv_li_tt,"8,691",,
,,,,,,,
Since You Went Away,1944,7.5,"
Drama, Romance, War            ",http://www.imdb.com/title/tt0037280/?ref_=adv_li_tt,"4,132",,
,,,,,,,
The Gay Divorcee,1934,7.5,"
Comedy, Musical, Romance            ",http://www.imdb.com/title/tt0025164/?ref_=adv_li_tt,"6,660",,
,,,,,,,
The Little Foxes,1941,8,"
Drama, Romance            ",http://www.imdb.com/title/tt0033836/?ref_=adv_li_tt,"9,857",,
,,,,,,,
Moulin Rouge,1952,7.1,"
Biography, Drama, Music            ",http://www.imdb.com/title/tt0044926/?ref_=adv_li_tt,"4,768",,
,,,,,,,
"Goodbye, Mr. Chips",1939,7.9,"
Drama, Romance            ",http://www.imdb.com/title/tt0031385/?ref_=adv_li_tt,"9,452",,
,,,,,,,
Utvandrarna,1971,8,"
Drama, History            ",http://www.imdb.com/title/tt0067919/?ref_=adv_li_tt,"5,326",,
,,,,,,,
The Great Ziegfeld,1936,6.7,"
Biography, Drama, Musical            ",http://www.imdb.com/title/tt0027698/?ref_=adv_li_tt,"6,920",,
,,,,,,,
An Unmarried Woman,1978,7.1,"
Comedy, Drama, Romance            ",http://www.imdb.com/title/tt0078444/?ref_=adv_li_tt,"4,355",,
,,,,,,,
Love Is a Many-Splendored Thing,1955,6.5,"
Biography, Drama, Romance            ",http://www.imdb.com/title/tt0048316/?ref_=adv_li_tt,"4,301",,
,,,,,,,
Going My Way,1944,7,"
Comedy, Drama, Music            ",http://www.imdb.com/title/tt0036872/?ref_=adv_li_tt,"10,052",,
,,,,,,,
Room at the Top,1959,7.5,"
Drama, Romance            ",http://www.imdb.com/title/tt0053226/?ref_=adv_li_tt,"5,110",,
,,,,,,,
The Country Girl,1954,7.3,"
Drama, Music            ",http://www.imdb.com/title/tt0046874/?ref_=adv_li_tt,"5,199",,
,,,,,,,
The Awful Truth,1937,7.7,"
Comedy, Romance            ",http://www.imdb.com/title/tt0028597/?ref_=adv_li_tt,"16,967",,
,,,,,,,
49th Parallel,1941,7.3,"
Drama, Thriller, War            ",http://www.imdb.com/title/tt0033627/?ref_=adv_li_tt,"5,632",,
,,,,,,,
The Letter,1940,7.6,"
Crime, Drama, Film-Noir            ",http://www.imdb.com/title/tt0032701/?ref_=adv_li_tt,"11,242",,
,,,,,,,
The Pride of the Yankees,1942,7.7,"
Biography, Drama, Romance            ",http://www.imdb.com/title/tt0035211/?ref_=adv_li_tt,"9,478",,
,,,,,,,
Heaven Can Wait,1943,7.5,"
Comedy, Drama, Fantasy            ",http://www.imdb.com/title/tt0035979/?ref_=adv_li_tt,"9,291",,
,,,,,,,
Captains Courageous,1937,8,"
Adventure, Drama, Family            ",http://www.imdb.com/title/tt0028691/?ref_=adv_li_tt,"8,354",,
,,,,,,,
Shanghai Express,1932,7.3,"
Adventure, Drama, Romance            ",http://www.imdb.com/title/tt0023458/?ref_=adv_li_tt,"7,150",,
,,,,,,,
A Letter to Three Wives,1949,7.8,"
Drama, Romance            ",http://www.imdb.com/title/tt0041587/?ref_=adv_li_tt,"8,173",,
,,,,,,,
Random Harvest,1942,8,"
Drama, Romance            ",http://www.imdb.com/title/tt0035238/?ref_=adv_li_tt,"6,661",,
,,,,,,,
Ninotchka,1939,7.9,"
Comedy, Romance            ",http://www.imdb.com/title/tt0031725/?ref_=adv_li_tt,"18,207",,
,,,,,,,
The Turning Point,1977,6.9,"
Drama, Romance            ",http://www.imdb.com/title/tt0076843/?ref_=adv_li_tt,"4,113",,
,,,,,,,
A Touch of Class,1973,6.5,"
Comedy, Romance            ",http://www.imdb.com/title/tt0070819/?ref_=adv_li_tt,"2,665",,
,,,,,,,
Ivanhoe,1952,6.8,"
Adventure, Drama, History            ",http://www.imdb.com/title/tt0044760/?ref_=adv_li_tt,"7,853",,
,,,,,,,
Dodsworth,1936,7.8,"
Drama, Romance            ",http://www.imdb.com/title/tt0027532/?ref_=adv_li_tt,"7,739",,
,,,,,,,
Father of the Bride,1950,7.2,"
Comedy, Romance            ",http://www.imdb.com/title/tt0042451/?ref_=adv_li_tt,"9,653",,
,,,,,,,
Anchors Aweigh,1945,7.1,"
Comedy, Fantasy, Music            ",http://www.imdb.com/title/tt0037514/?ref_=adv_li_tt,"7,630",,
,,,,,,,
Bound for Glory,1976,7.3,"
Biography, Drama, Music            ",http://www.imdb.com/title/tt0074235/?ref_=adv_li_tt,"4,538",,
,,,,,,,
Love Affair,1939,7.3,"
Comedy, Drama, Romance            ",http://www.imdb.com/title/tt0031593/?ref_=adv_li_tt,"4,167",,
,,,,,,,
Dark Victory,1939,7.5,"
Drama, Romance            ",http://www.imdb.com/title/tt0031210/?ref_=adv_li_tt,"9,604",,
,,,,,,,
Pygmalion,1938,7.8,"
Comedy, Drama, Romance            ",http://www.imdb.com/title/tt0030637/?ref_=adv_li_tt,"7,593",,
,,,,,,,
Of Mice and Men,1939,7.9,"
Drama            ",http://www.imdb.com/title/tt0031742/?ref_=adv_li_tt,"5,283",,
,,,,,,,
The Dresser,1983,7.6,"
Drama            ",http://www.imdb.com/title/tt0085461/?ref_=adv_li_tt,"4,618",,
,,,,,,,
The Snake Pit,1948,7.6,"
Drama, Mystery            ",http://www.imdb.com/title/tt0040806/?ref_=adv_li_tt,"6,416",,
,,,,,,,
The Yearling,1946,7.2,"
Drama, Family, Western            ",http://www.imdb.com/title/tt0039111/?ref_=adv_li_tt,"5,168",,
,,,,,,,
The Broadway Melody,1929,5.7,"
Drama, Musical, Romance            ",http://www.imdb.com/title/tt0019729/?ref_=adv_li_tt,"6,229",,
,,,,,,,
Born Yesterday,1950,7.6,"
Comedy, Drama, Romance            ",http://www.imdb.com/title/tt0042276/?ref_=adv_li_tt,"9,570",,
,,,,,,,
Imitation of Life,1934,7.5,"
Drama, Romance            ",http://www.imdb.com/title/tt0025301/?ref_=adv_li_tt,"3,962",,
,,,,,,,
In Which We Serve,1942,7.2,"
Drama, War            ",http://www.imdb.com/title/tt0034891/?ref_=adv_li_tt,"4,956",,
,,,,,,,
The Talk of the Town,1942,7.5,"
Comedy, Drama, Romance            ",http://www.imdb.com/title/tt0035417/?ref_=adv_li_tt,"7,024",,
,,,,,,,
A Farewell to Arms,1932,6.5,"
Drama, Romance, War            ",http://www.imdb.com/title/tt0022879/?ref_=adv_li_tt,"4,849",,
,,,,,,,
The Long Voyage Home,1940,7,"
Drama, War            ",http://www.imdb.com/title/tt0032728/?ref_=adv_li_tt,"3,711",,
,,,,,,,
The More the Merrier,1943,7.7,"
Comedy, Romance, War            ",http://www.imdb.com/title/tt0036172/?ref_=adv_li_tt,"5,717",,
,,,,,,,
Cimarron,1931,5.9,"
Drama, Western            ",http://www.imdb.com/title/tt0021746/?ref_=adv_li_tt,"5,200",,
,,,,,,,
Kitty Foyle,1940,7,"
Drama, Romance            ",http://www.imdb.com/title/tt0032671/?ref_=adv_li_tt,"3,036",,
,,,,,,,
The Bells of St. Mary's,1945,7.3,"
Drama            ",http://www.imdb.com/title/tt0037536/?ref_=adv_li_tt,"6,827",,
,,,,,,,
A Tale of Two Cities,1935,7.8,"
Drama, History, Romance            ",http://www.imdb.com/title/tt0027075/?ref_=adv_li_tt,"4,956",,
,,,,,,,
The Rose Tattoo,1955,7,"
Comedy, Drama, Romance            ",http://www.imdb.com/title/tt0048563/?ref_=adv_li_tt,"3,440",,
,,,,,,,
The Sundowners,1960,7.1,"
Adventure, Drama            ",http://www.imdb.com/title/tt0054353/?ref_=adv_li_tt,"3,647",,
,,,,,,,
Stage Door,1937,7.7,"
Comedy, Drama            ",http://www.imdb.com/title/tt0029604/?ref_=adv_li_tt,"7,339",,
,,,,,,,
Cleopatra,1934,6.8,"
Biography, Drama, History            ",http://www.imdb.com/title/tt0024991/?ref_=adv_li_tt,"3,265",,
,,,,,,,
I Am a Fugitive from a Chain Gang,1932,8.2,"
Crime, Drama, Film-Noir            ",http://www.imdb.com/title/tt0023042/?ref_=adv_li_tt,"11,237",,
,,,,,,,
The Private Life of Henry VIII.,1933,7.1,"
Biography, Comedy, Drama            ",http://www.imdb.com/title/tt0024473/?ref_=adv_li_tt,"3,537",,
,,,,,,,
Madame Curie,1943,7.2,"
Biography, Drama, Romance            ",http://www.imdb.com/title/tt0036126/?ref_=adv_li_tt,"2,478",,
,,,,,,,
Kings Row,1942,7.5,"
Drama, Mystery, Romance            ",http://www.imdb.com/title/tt0034946/?ref_=adv_li_tt,"3,801",,
,,,,,,,
A Thousand Clowns,1965,7.4,"
Comedy, Drama, Romance            ",http://www.imdb.com/title/tt0059798/?ref_=adv_li_tt,"3,079",,
,,,,,,,
"Rachel, Rachel",1968,7.3,"
Drama, Romance            ",http://www.imdb.com/title/tt0063483/?ref_=adv_li_tt,"2,859",,
,,,,,,,
The Bishop's Wife,1947,7.6,"
Comedy, Drama, Fantasy            ",http://www.imdb.com/title/tt0039190/?ref_=adv_li_tt,"13,492",,
,,,,,,,
Alice Adams,1935,6.9,"
Comedy, Drama, Romance            ",http://www.imdb.com/title/tt0026056/?ref_=adv_li_tt,"3,617",,
,,,,,,,
Watch on the Rhine,1943,7.3,"
Drama            ",http://www.imdb.com/title/tt0036515/?ref_=adv_li_tt,"3,741",,
,,,,,,,
"The Personal History, Adventures, Experience, & Observation of David Copperfield the Younger",1935,7.4,"
Adventure, Drama, Romance            ",http://www.imdb.com/title/tt0026266/?ref_=adv_li_tt,"3,630",,
,,,,,,,
King Solomon's Mines,1950,6.8,"
Action, Adventure, Romance            ",http://www.imdb.com/title/tt0042646/?ref_=adv_li_tt,"5,514",,
,,,,,,,
Cavalcade,1933,5.8,"
Drama, Romance, War            ",http://www.imdb.com/title/tt0023876/?ref_=adv_li_tt,"4,342",,
,,,,,,,
She Done Him Wrong,1933,6.3,"
Comedy, Drama, History            ",http://www.imdb.com/title/tt0024548/?ref_=adv_li_tt,"5,177",,
,,,,,,,
Boys Town,1938,7.3,"
Biography, Drama            ",http://www.imdb.com/title/tt0029942/?ref_=adv_li_tt,"4,963",,
,,,,,,,
The Chronicle History of King Henry the Fifth with His Battell Fought at Agincourt in France,1944,7.1,"
Biography, Drama, History            ",http://www.imdb.com/title/tt0036910/?ref_=adv_li_tt,"5,545",,
,,,,,,,
7th Heaven,1927,7.6,"
Drama, Romance            ",http://www.imdb.com/title/tt0018379/?ref_=adv_li_tt,"3,038",,
,,,,,,,
The Life of Emile Zola,1937,7.2,"
Biography, Drama            ",http://www.imdb.com/title/tt0029146/?ref_=adv_li_tt,"6,782",,
,,,,,,,
Our Town,1940,6.6,"
Drama, Romance            ",http://www.imdb.com/title/tt0032881/?ref_=adv_li_tt,"2,256",,
,,,,,,,
The Front Page,1931,6.7,"
Comedy            ",http://www.imdb.com/title/tt0021890/?ref_=adv_li_tt,"2,294",,
,,,,,,,
The Crowd,1928,8.1,"
Drama, Romance            ",http://www.imdb.com/title/tt0018806/?ref_=adv_li_tt,"7,215",,
,,,,,,,
Sounder,1972,7.5,"
Drama, Family            ",http://www.imdb.com/title/tt0069303/?ref_=adv_li_tt,"3,383",,
,,,,,,,
Here Comes Mr. Jordan,1941,7.6,"
Comedy, Fantasy, Romance            ",http://www.imdb.com/title/tt0033712/?ref_=adv_li_tt,"5,637",,
,,,,,,,
The Informer,1935,7.4,"
Crime, Drama            ",http://www.imdb.com/title/tt0026529/?ref_=adv_li_tt,"5,438",,
,,,,,,,
Libeled Lady,1936,7.9,"
Comedy, Romance            ",http://www.imdb.com/title/tt0027884/?ref_=adv_li_tt,"6,739",,
,,,,,,,
Dead End,1937,7.3,"
Crime, Drama, Film-Noir            ",http://www.imdb.com/title/tt0028773/?ref_=adv_li_tt,"5,955",,
,,,,,,,
The Champ,1931,7.3,"
Drama, Sport            ",http://www.imdb.com/title/tt0021730/?ref_=adv_li_tt,"2,636",,
,,,,,,,
Sons and Lovers,1960,7.1,"
Drama            ",http://www.imdb.com/title/tt0054326/?ref_=adv_li_tt,"1,320",,
,,,,,,,
Wake Island,1942,6.8,"
Action, Drama, War            ",http://www.imdb.com/title/tt0035530/?ref_=adv_li_tt,"1,729",,
,,,,,,,
Johnny Belinda,1948,7.7,"
Drama            ",http://www.imdb.com/title/tt0040495/?ref_=adv_li_tt,"4,120",,
,,,,,,,
Fanny,1961,6.9,"
Drama, Romance            ",http://www.imdb.com/title/tt0054866/?ref_=adv_li_tt,"1,878",,
,,,,,,,
A Midsummer Night's Dream,1935,6.9,"
Comedy, Fantasy, Romance            ",http://www.imdb.com/title/tt0026714/?ref_=adv_li_tt,"3,055",,
,,,,,,,
Romeo and Juliet,1936,6.5,"
Drama, Romance            ",http://www.imdb.com/title/tt0028203/?ref_=adv_li_tt,"1,672",,
,,,,,,,
Hold Back the Dawn,1941,7.4,"
Drama, Romance            ",http://www.imdb.com/title/tt0033722/?ref_=adv_li_tt,"1,826",,
,,,,,,,
San Francisco,1936,7.2,"
Drama, Musical, Romance            ",http://www.imdb.com/title/tt0028216/?ref_=adv_li_tt,"4,696",,
,,,,,,,
"All This, and Heaven Too",1940,7.5,"
Drama, Romance            ",http://www.imdb.com/title/tt0032194/?ref_=adv_li_tt,"4,180",,
,,,,,,,
The Big House,1930,7.1,"
Crime, Drama, Thriller            ",http://www.imdb.com/title/tt0020686/?ref_=adv_li_tt,"1,774",,
,,,,,,,
The Human Comedy,1943,7,"
Comedy, Drama, Family            ",http://www.imdb.com/title/tt0036022/?ref_=adv_li_tt,"1,779",,
,,,,,,,
Lady for a Day,1933,7.4,"
Comedy, Drama            ",http://www.imdb.com/title/tt0024240/?ref_=adv_li_tt,"3,642",,
,,,,,,,
Les Misérables,1935,7.6,"
Drama, History, Romance            ",http://www.imdb.com/title/tt0026725/?ref_=adv_li_tt,"3,230",,
,,,,,,,
In Old Chicago,1938,6.8,"
Action, Drama, Musical            ",http://www.imdb.com/title/tt0029047/?ref_=adv_li_tt,"2,025",,
,,,,,,,
Anthony Adverse,1936,6.3,"
Adventure, Drama, Romance            ",http://www.imdb.com/title/tt0027300/?ref_=adv_li_tt,"1,562",,
,,,,,,,
The Citadel,1938,7.1,"
Drama            ",http://www.imdb.com/title/tt0029995/?ref_=adv_li_tt,"1,827",,
,,,,,,,
Blossoms in the Dust,1941,6.9,"
Biography, Drama, Romance            ",http://www.imdb.com/title/tt0033407/?ref_=adv_li_tt,"1,700",,
,,,,,,,
The Divorcee,1930,6.8,"
Romance, Drama            ",http://www.imdb.com/title/tt0020827/?ref_=adv_li_tt,"2,642",,
,,,,,,,
Four Daughters,1938,6.9,"
Drama, Music, Romance            ",http://www.imdb.com/title/tt0030149/?ref_=adv_li_tt,"1,633",,
,,,,,,,
Wilson,1944,6.4,"
Biography, Drama, History            ",http://www.imdb.com/title/tt0037465/?ref_=adv_li_tt,"1,391",,
,,,,,,,
Trader Horn,1931,6.2,"
Action, Adventure, Drama            ",http://www.imdb.com/title/tt0022495/?ref_=adv_li_tt,854,,
,,,,,,,
Broadway Melody of 1936,1935,6.8,"
Musical, Romance            ",http://www.imdb.com/title/tt0026144/?ref_=adv_li_tt,"1,463",,
,,,,,,,
Test Pilot,1938,6.9,"
Drama, Romance            ",http://www.imdb.com/title/tt0030848/?ref_=adv_li_tt,"2,013",,
,,,,,,,
The Story of Louis Pasteur,1936,7.3,"
Biography, Drama, History            ",http://www.imdb.com/title/tt0028313/?ref_=adv_li_tt,"2,180",,
,,,,,,,
Ruggles of Red Gap,1935,7.6,"
Comedy, Romance            ",http://www.imdb.com/title/tt0026955/?ref_=adv_li_tt,"3,546",,
,,,,,,,
Arrowsmith,1931,6.2,"
Drama            ",http://www.imdb.com/title/tt0021622/?ref_=adv_li_tt,"1,411",,
,,,,,,,
Viva Villa!,1934,6.4,"
Biography, Western            ",http://www.imdb.com/title/tt0025948/?ref_=adv_li_tt,"1,132",,
,,,,,,,
The House of Rothschild,1934,6.6,"
Biography, Drama, History            ",http://www.imdb.com/title/tt0025272/?ref_=adv_li_tt,968,,
,,,,,,,
The Smiling Lieutenant,1931,7.2,"
Comedy, Romance, Musical            ",http://www.imdb.com/title/tt0022074/?ref_=adv_li_tt,"3,103",,
,,,,,,,
Three Smart Girls,1936,6.6,"
Comedy, Musical, Romance            ",http://www.imdb.com/title/tt0028373/?ref_=adv_li_tt,"1,190",,
,,,,,,,
The Patriot,1928,NA,"
Drama, History, Thriller            ",http://www.imdb.com/title/tt0019257/?ref_=adv_li_tt,NA,,
,,,,,,,
The Barretts of Wimpole Street,1934,7,"
Biography, Drama, Romance            ",http://www.imdb.com/title/tt0024865/?ref_=adv_li_tt,"1,547",,
,,,,,,,
The Love Parade,1929,7.1,"
Comedy, Musical, Romance            ",http://www.imdb.com/title/tt0020112/?ref_=adv_li_tt,"1,889",,
,,,,,,,
The Lives of a Bengal Lancer,1935,7.1,"
Adventure, Drama, War            ",http://www.imdb.com/title/tt0026643/?ref_=adv_li_tt,"2,501",,
,,,,,,,
Bad Girl,1931,6.5,"
Drama, Romance            ",http://www.imdb.com/title/tt0021635/?ref_=adv_li_tt,"1,041",,
,,,,,,,
Alexander's Ragtime Band,1938,6.9,"
Drama, Music, Musical            ",http://www.imdb.com/title/tt0029852/?ref_=adv_li_tt,"1,824",,
,,,,,,,
Naughty Marietta,1935,6.7,"
Drama, Musical, Romance            ",http://www.imdb.com/title/tt0026768/?ref_=adv_li_tt,"1,150",,
,,,,,,,
One Hundred Men and a Girl,1937,6.7,"
Comedy, Drama, Music            ",http://www.imdb.com/title/tt0029347/?ref_=adv_li_tt,890,,
,,,,,,,
The Pied Piper,1942,7,"
Drama, War            ",http://www.imdb.com/title/tt0035189/?ref_=adv_li_tt,453,,
,,,,,,,
Disraeli,1929,6.2,"
Biography, Drama, History            ",http://www.imdb.com/title/tt0019823/?ref_=adv_li_tt,"1,013",,
,,,,,,,
The Racket,1928,6.7,"
Crime, Drama, Film-Noir            ",http://www.imdb.com/title/tt0019304/?ref_=adv_li_tt,"1,071",,
,,,,,,,
In Old Arizona,1928,5.5,"
Action, Adventure, Romance            ",http://www.imdb.com/title/tt0020018/?ref_=adv_li_tt,879,,
,,,,,,,
Here Comes the Navy,1934,6.2,"
Comedy, Drama, Romance            ",http://www.imdb.com/title/tt0025238/?ref_=adv_li_tt,774,,
,,,,,,,
One Night of Love,1934,5.7,"
Music, Romance            ",http://www.imdb.com/title/tt0025601/?ref_=adv_li_tt,491,,
,,,,,,,
Skippy,1931,6.3,"
Comedy, Drama, Family            ",http://www.imdb.com/title/tt0022397/?ref_=adv_li_tt,656,,
,,,,,,,
One Foot in Heaven,1941,6.8,"
Biography, Drama            ",http://www.imdb.com/title/tt0033980/?ref_=adv_li_tt,"1,088",,
,,,,,,,
State Fair,1933,6.8,"
Comedy, Drama, Romance            ",http://www.imdb.com/title/tt0024610/?ref_=adv_li_tt,712,,
,,,,,,,
One Hour with You,1932,7.2,"
Comedy, Musical, Romance            ",http://www.imdb.com/title/tt0023303/?ref_=adv_li_tt,"2,032",,
,,,,,,,
East Lynne,1931,6.1,"
Drama            ",http://www.imdb.com/title/tt0021826/?ref_=adv_li_tt,124,,
,,,,,,,
Flirtation Walk,1934,5.7,"
Musical, Romance            ",http://www.imdb.com/title/tt0025124/?ref_=adv_li_tt,605,,
,,,,,,,
Smilin' Through,1932,6.9,"
Drama, Romance            ",http://www.imdb.com/title/tt0023488/?ref_=adv_li_tt,"1,044",,
,,,,,,,
The Hollywood Revue of 1929,1929,5.9,"
Musical            ",http://www.imdb.com/title/tt0019993/?ref_=adv_li_tt,"1,810",,
,,,,,,,
Alibi,1929,5.8,"
Crime            ",http://www.imdb.com/title/tt0019630/?ref_=adv_li_tt,648,,
,,,,,,,
Chang: A Drama of the Wilderness,1927,6.9,"
Adventure, Documentary            ",http://www.imdb.com/title/tt0017743/?ref_=adv_li_tt,853,,
,,,,,,,
The White Parade,1934,6.7,"
Drama            ",http://www.imdb.com/title/tt0025986/?ref_=adv_li_tt,54,,
